GOID	Molecular function	Number of genes	ENTREZID	ENSEMBL	SYMBOL
GO:0001228	transcriptional activator activity, RNA polymerase II transcription regulatory region sequence-specific DNA binding	18	9519	ENSG00000028839	TBPL1
GO:0000982	transcription factor activity, RNA polymerase II proximal promoter sequence-specific DNA binding	14	9519	ENSG00000028839	TBPL1
GO:0000978	RNA polymerase II proximal promoter sequence-specific DNA binding	14	9519	ENSG00000028839	TBPL1
GO:0000987	proximal promoter sequence-specific DNA binding	14	9519	ENSG00000028839	TBPL1
GO:0005525	GTP binding	12	2767	ENSG00000088256	GNA11
GO:0032550	purine ribonucleoside binding	12	2767	ENSG00000088256	GNA11
GO:0001883	purine nucleoside binding	12	2767	ENSG00000088256	GNA11
GO:0032549	ribonucleoside binding	12	2767	ENSG00000088256	GNA11
GO:0001882	nucleoside binding	12	2767	ENSG00000088256	GNA11
GO:0032561	guanyl ribonucleotide binding	12	2767	ENSG00000088256	GNA11
GO:0019001	guanyl nucleotide binding	12	2767	ENSG00000088256	GNA11
GO:0001077	transcriptional activator activity, RNA polymerase II proximal promoter sequence-specific DNA binding	10	9519	ENSG00000028839	TBPL1
GO:0003924	GTPase activity	10	2767	ENSG00000088256	GNA11
GO:0003713	transcription coactivator activity	10	9519	ENSG00000028839	TBPL1
GO:0048037	cofactor binding	10	1562	ENSG00000108242	CYP2C18
GO:0042623	ATPase activity, coupled	9	23517	ENSG00000039123	MTREX
GO:0016887	ATPase activity	9	23517	ENSG00000039123	MTREX
GO:0046982	protein heterodimerization activity	9	6492	ENSG00000112246	SIM1
GO:0005200	structural constituent of cytoskeleton	8	81027	ENSG00000101162	TUBB1
GO:0140098	catalytic activity, acting on RNA	8	4234	ENSG00000037897	METTL1
GO:0003714	transcription corepressor activity	7	8531	ENSG00000060138	YBX3
GO:0050662	coenzyme binding	7	8564	ENSG00000117009	KMO
GO:0022804	active transmembrane transporter activity	7	57084	ENSG00000091664	SLC17A6
GO:0004842	ubiquitin-protein transferase activity	7	23759	ENSG00000100023	PPIL2
GO:0019787	ubiquitin-like protein transferase activity	7	23759	ENSG00000100023	PPIL2
GO:0004175	endopeptidase activity	7	2219	ENSG00000085265	FCN1
GO:0001158	enhancer sequence-specific DNA binding	6	1108	ENSG00000111642	CHD4
GO:0035326	enhancer binding	6	1108	ENSG00000111642	CHD4
GO:0001076	transcription factor activity, RNA polymerase II transcription factor binding	6	9355	ENSG00000106689	LHX2
GO:0008168	methyltransferase activity	6	4234	ENSG00000037897	METTL1
GO:0061630	ubiquitin protein ligase activity	6	23759	ENSG00000100023	PPIL2
GO:0016741	transferase activity, transferring one-carbon groups	6	4234	ENSG00000037897	METTL1
GO:0061659	ubiquitin-like protein ligase activity	6	23759	ENSG00000100023	PPIL2
GO:0001227	transcriptional repressor activity, RNA polymerase II transcription regulatory region sequence-specific DNA binding	6	8531	ENSG00000060138	YBX3
GO:0005088	Ras guanyl-nucleotide exchange factor activity	6	10048	ENSG00000010017	RANBP9
GO:0001664	G-protein coupled receptor binding	6	2219	ENSG00000085265	FCN1
GO:0005085	guanyl-nucleotide exchange factor activity	6	10048	ENSG00000010017	RANBP9
GO:0050839	cell adhesion molecule binding	6	5586	ENSG00000065243	PKN2
GO:0000980	RNA polymerase II distal enhancer sequence-specific DNA binding	5	1108	ENSG00000111642	CHD4
GO:0001104	RNA polymerase II transcription cofactor activity	5	51003	ENSG00000108590	MED31
GO:0042826	histone deacetylase binding	5	5586	ENSG00000065243	PKN2
GO:0043021	ribonucleoprotein complex binding	5	8260	ENSG00000102030	NAA10
GO:0016616	oxidoreductase activity, acting on the CH-OH group of donors, NAD or NADP as acceptor	5	84656	ENSG00000140632	GLYR1
GO:0140030	modification-dependent protein binding	5	54764	ENSG00000019995	ZRANB1
GO:0016614	oxidoreductase activity, acting on CH-OH group of donors	5	84656	ENSG00000140632	GLYR1
GO:0004386	helicase activity	5	23517	ENSG00000039123	MTREX
GO:0016705	oxidoreductase activity, acting on paired donors, with incorporation or reduction of molecular oxygen	5	1562	ENSG00000108242	CYP2C18
GO:0017048	Rho GTPase binding	5	7204	ENSG00000038382	TRIO
GO:0016829	lyase activity	5	11238	ENSG00000169239	CA5B
GO:0004518	nuclease activity	5	340554	ENSG00000102053	ZC3H12B
GO:1901681	sulfur compound binding	5	7060	ENSG00000113296	THBS4
GO:0015291	secondary active transmembrane transporter activity	5	57084	ENSG00000091664	SLC17A6
GO:0033218	amide binding	5	30835	ENSG00000090659	CD209
GO:0045296	cadherin binding	5	5586	ENSG00000065243	PKN2
GO:0008509	anion transmembrane transporter activity	5	57084	ENSG00000091664	SLC17A6
GO:0015631	tubulin binding	5	23139	ENSG00000086015	MAST2
GO:0042578	phosphoric ester hydrolase activity	5	3632	ENSG00000068383	INPP5A
GO:0015077	monovalent inorganic cation transmembrane transporter activity	5	515	ENSG00000116459	ATP5PB
GO:0003729	mRNA binding	5	8531	ENSG00000060138	YBX3
GO:0005216	ion channel activity	5	10021	ENSG00000138622	HCN4
GO:0022838	substrate-specific channel activity	5	10021	ENSG00000138622	HCN4
GO:0046873	metal ion transmembrane transporter activity	5	84239	ENSG00000127249	ATP13A4
GO:0015267	channel activity	5	10021	ENSG00000138622	HCN4
GO:0022803	passive transmembrane transporter activity	5	10021	ENSG00000138622	HCN4
GO:0031593	polyubiquitin modification-dependent protein binding	4	54764	ENSG00000019995	ZRANB1
GO:0003730	mRNA 3'-UTR binding	4	8531	ENSG00000060138	YBX3
GO:0031491	nucleosome binding	4	6594	ENSG00000102038	SMARCA1
GO:0003705	transcription factor activity, RNA polymerase II distal enhancer sequence-specific binding	4	2294	ENSG00000103241	FOXF1
GO:0004497	monooxygenase activity	4	1562	ENSG00000108242	CYP2C18
GO:0043492	ATPase activity, coupled to movement of substances	4	79895	ENSG00000104043	ATP8B4
GO:0004519	endonuclease activity	4	340554	ENSG00000102053	ZC3H12B
GO:0001078	transcriptional repressor activity, RNA polymerase II proximal promoter sequence-specific DNA binding	4	5396	ENSG00000116132	PRRX1
GO:0008757	S-adenosylmethionine-dependent methyltransferase activity	4	4234	ENSG00000037897	METTL1
GO:0042393	histone binding	4	9918	ENSG00000010292	NCAPD2
GO:0000287	magnesium ion binding	4	23139	ENSG00000086015	MAST2
GO:0140097	catalytic activity, acting on DNA	4	6594	ENSG00000102038	SMARCA1
GO:0005539	glycosaminoglycan binding	4	7060	ENSG00000113296	THBS4
GO:0016747	transferase activity, transferring acyl groups other than amino-acyl groups	4	30	ENSG00000060971	ACAA1
GO:0016746	transferase activity, transferring acyl groups	4	30	ENSG00000060971	ACAA1
GO:0030246	carbohydrate binding	4	2219	ENSG00000085265	FCN1
GO:0042277	peptide binding	4	30835	ENSG00000090659	CD209
GO:0016757	transferase activity, transferring glycosyl groups	4	55624	ENSG00000085998	POMGNT1
GO:0003779	actin binding	4	6711	ENSG00000115306	SPTBN1
GO:0048018	receptor ligand activity	4	7473	ENSG00000108379	WNT3
GO:0008175	tRNA methyltransferase activity	3	4234	ENSG00000037897	METTL1
GO:0001105	RNA polymerase II transcription coactivator activity	3	5396	ENSG00000116132	PRRX1
GO:0016709	oxidoreductase activity, acting on paired donors, with incorporation or reduction of molecular oxygen, NAD(P)H as one donor, and incorporation of one atom of oxygen	3	8564	ENSG00000117009	KMO
GO:0004601	peroxidase activity	3	84817	ENSG00000129235	TXNDC17
GO:0016684	oxidoreductase activity, acting on peroxide as acceptor	3	84817	ENSG00000129235	TXNDC17
GO:0043022	ribosome binding	3	8260	ENSG00000102030	NAA10
GO:0051287	NAD binding	3	84656	ENSG00000140632	GLYR1
GO:0016627	oxidoreductase activity, acting on the CH-CH group of donors	3	30	ENSG00000060971	ACAA1
GO:0008173	RNA methyltransferase activity	3	4234	ENSG00000037897	METTL1
GO:0001190	transcriptional activator activity, RNA polymerase II transcription factor binding	3	5396	ENSG00000116132	PRRX1
GO:0016835	carbon-oxygen lyase activity	3	11238	ENSG00000169239	CA5B
GO:0070063	RNA polymerase binding	3	5586	ENSG00000065243	PKN2
GO:0004527	exonuclease activity	3	5428	ENSG00000140521	POLG
GO:0016209	antioxidant activity	3	84817	ENSG00000129235	TXNDC17
GO:0015297	antiporter activity	3	10166	ENSG00000102743	SLC25A15
GO:0008081	phosphoric diester hydrolase activity	3	5158	ENSG00000133256	PDE6B
GO:0008026	ATP-dependent helicase activity	3	23517	ENSG00000039123	MTREX
GO:0070035	purine NTP-dependent helicase activity	3	23517	ENSG00000039123	MTREX
GO:0015238	drug transmembrane transporter activity	3	57084	ENSG00000091664	SLC17A6
GO:0016407	acetyltransferase activity	3	8260	ENSG00000102030	NAA10
GO:0031490	chromatin DNA binding	3	79977	ENSG00000083307	GRHL2
GO:0004222	metalloendopeptidase activity	3	10893	ENSG00000125966	MMP24
GO:0016651	oxidoreductase activity, acting on NAD(P)H	3	8564	ENSG00000117009	KMO
GO:0140101	catalytic activity, acting on a tRNA	3	4234	ENSG00000037897	METTL1
GO:0005319	lipid transporter activity	3	79895	ENSG00000104043	ATP8B4
GO:0001085	RNA polymerase II transcription factor binding	3	1108	ENSG00000111642	CHD4
GO:0015085	calcium ion transmembrane transporter activity	3	84239	ENSG00000127249	ATP13A4
GO:0015293	symporter activity	3	57084	ENSG00000091664	SLC17A6
GO:0001047	core promoter binding	3	27161	ENSG00000123908	AGO2
GO:0015276	ligand-gated ion channel activity	3	10021	ENSG00000138622	HCN4
GO:0022834	ligand-gated channel activity	3	10021	ENSG00000138622	HCN4
GO:0008194	UDP-glycosyltransferase activity	3	55624	ENSG00000085998	POMGNT1
GO:0016853	isomerase activity	3	23759	ENSG00000100023	PPIL2
GO:0008201	heparin binding	3	7060	ENSG00000113296	THBS4
GO:0015081	sodium ion transmembrane transporter activity	3	10021	ENSG00000138622	HCN4
GO:0008083	growth factor activity	3	7060	ENSG00000113296	THBS4
GO:0019902	phosphatase binding	3	23139	ENSG00000086015	MAST2
GO:0017137	Rab GTPase binding	3	94121	ENSG00000102362	SYTL4
GO:0008237	metallopeptidase activity	3	10893	ENSG00000125966	MMP24
GO:0005516	calmodulin binding	3	815	ENSG00000070808	CAMK2A
GO:0008234	cysteine-type peptidase activity	3	54764	ENSG00000019995	ZRANB1
GO:0016758	transferase activity, transferring hexosyl groups	3	55624	ENSG00000085998	POMGNT1
GO:0008514	organic anion transmembrane transporter activity	3	57084	ENSG00000091664	SLC17A6
GO:0004252	serine-type endopeptidase activity	3	2219	ENSG00000085265	FCN1
GO:0008017	microtubule binding	3	23139	ENSG00000086015	MAST2
GO:0008236	serine-type peptidase activity	3	2219	ENSG00000085265	FCN1
GO:0017171	serine hydrolase activity	3	2219	ENSG00000085265	FCN1
GO:0031625	ubiquitin protein ligase binding	3	6950	ENSG00000120438	TCP1
GO:0005261	cation channel activity	3	10021	ENSG00000138622	HCN4
GO:0044389	ubiquitin-like protein ligase binding	3	6950	ENSG00000120438	TCP1
GO:0022839	ion gated channel activity	3	10021	ENSG00000138622	HCN4
GO:0022836	gated channel activity	3	10021	ENSG00000138622	HCN4
GO:0005543	phospholipid binding	3	94121	ENSG00000102362	SYTL4
GO:0017154	semaphorin receptor activity	2	5362	ENSG00000076356	PLXNA2
GO:0008093	cytoskeletal adaptor activity	2	55909	ENSG00000147439	BIN3
GO:0035925	mRNA 3'-UTR AU-rich region binding	2	678	ENSG00000152518	ZFP36L2
GO:0016423	tRNA (guanine) methyltransferase activity	2	4234	ENSG00000037897	METTL1
GO:0034450	ubiquitin-ubiquitin ligase activity	2	23759	ENSG00000100023	PPIL2
GO:0047555	3',5'-cyclic-GMP phosphodiesterase activity	2	5158	ENSG00000133256	PDE6B
GO:0004551	nucleotide diphosphatase activity	2	11162	ENSG00000170917	NUDT6
GO:0004697	protein kinase C activity	2	5586	ENSG00000065243	PKN2
GO:0008353	RNA polymerase II carboxy-terminal domain kinase activity	2	8812	ENSG00000090061	CCNK
GO:0070492	oligosaccharide binding	2	5967	ENSG00000115386	REG1A
GO:0004383	guanylate cyclase activity	2	4881	ENSG00000169418	NPR1
GO:0004016	adenylate cyclase activity	2	4881	ENSG00000169418	NPR1
GO:0004012	phospholipid-translocating ATPase activity	2	79895	ENSG00000104043	ATP8B4
GO:0031683	G-protein beta/gamma-subunit complex binding	2	2767	ENSG00000088256	GNA11
GO:0070530	K63-linked polyubiquitin modification-dependent protein binding	2	54764	ENSG00000019995	ZRANB1
GO:0016849	phosphorus-oxygen lyase activity	2	4881	ENSG00000169418	NPR1
GO:0042813	Wnt-activated receptor activity	2	8324	ENSG00000155760	FZD7
GO:0009975	cyclase activity	2	4881	ENSG00000169418	NPR1
GO:0004114	3',5'-cyclic-nucleotide phosphodiesterase activity	2	5158	ENSG00000133256	PDE6B
GO:0035198	miRNA binding	2	27161	ENSG00000123908	AGO2
GO:0004112	cyclic-nucleotide phosphodiesterase activity	2	5158	ENSG00000133256	PDE6B
GO:0017091	AU-rich element binding	2	678	ENSG00000152518	ZFP36L2
GO:0016628	oxidoreductase activity, acting on the CH-CH group of donors, NAD or NADP as acceptor	2	2194	ENSG00000169710	FASN
GO:0071949	FAD binding	2	8564	ENSG00000117009	KMO
GO:0030515	snoRNA binding	2	55720	ENSG00000167721	TSR1
GO:0017147	Wnt-protein binding	2	8324	ENSG00000155760	FZD7
GO:0001205	transcriptional activator activity, RNA polymerase II distal enhancer sequence-specific DNA binding	2	6496	ENSG00000138083	SIX3
GO:0016538	cyclin-dependent protein serine/threonine kinase regulator activity	2	8812	ENSG00000090061	CCNK
GO:0061980	regulatory RNA binding	2	27161	ENSG00000123908	AGO2
GO:0015020	glucuronosyltransferase activity	2	167127	ENSG00000168671	UGT3A2
GO:0016790	thiolester hydrolase activity	2	81926	ENSG00000129968	ABHD17A
GO:0048487	beta-tubulin binding	2	23710	ENSG00000139112	GABARAPL1
GO:0005109	frizzled binding	2	7473	ENSG00000108379	WNT3
GO:0019894	kinesin binding	2	146057	ENSG00000128881	TTBK2
GO:0001221	transcription cofactor binding	2	6495	ENSG00000126778	SIX1
GO:0004712	protein serine/threonine/tyrosine kinase activity	2	5594	ENSG00000100030	MAPK1
GO:0015036	disulfide oxidoreductase activity	2	84817	ENSG00000129235	TXNDC17
GO:0000993	RNA polymerase II core binding	2	51637	ENSG00000087302	RTRAF
GO:0019825	oxygen binding	2	1562	ENSG00000108242	CYP2C18
GO:0016860	intramolecular oxidoreductase activity	2	2923	ENSG00000167004	PDIA3
GO:0008408	3'-5' exonuclease activity	2	5428	ENSG00000140521	POLG
GO:0043175	RNA polymerase core enzyme binding	2	51637	ENSG00000087302	RTRAF
GO:0045182	translation regulator activity	2	27161	ENSG00000123908	AGO2
GO:0016836	hydro-lyase activity	2	11238	ENSG00000169239	CA5B
GO:0000049	tRNA binding	2	4234	ENSG00000037897	METTL1
GO:0005548	phospholipid transporter activity	2	79895	ENSG00000104043	ATP8B4
GO:0022824	transmitter-gated ion channel activity	2	2559	ENSG00000145863	GABRA6
GO:0022835	transmitter-gated channel activity	2	2559	ENSG00000145863	GABRA6
GO:0015179	L-amino acid transmembrane transporter activity	2	57084	ENSG00000091664	SLC17A6
GO:0016765	transferase activity, transferring alkyl or aryl (other than methyl) groups	2	4144	ENSG00000168906	MAT2A
GO:0001098	basal transcription machinery binding	2	51637	ENSG00000087302	RTRAF
GO:0001099	basal RNA polymerase II transcription machinery binding	2	51637	ENSG00000087302	RTRAF
GO:0004521	endoribonuclease activity	2	27161	ENSG00000123908	AGO2
GO:0016667	oxidoreductase activity, acting on a sulfur group of donors	2	84817	ENSG00000129235	TXNDC17
GO:0099516	ion antiporter activity	2	291	ENSG00000151729	SLC25A4
GO:0070491	repressing transcription factor binding	2	1108	ENSG00000111642	CHD4
GO:0003725	double-stranded RNA binding	2	27161	ENSG00000123908	AGO2
GO:0004004	ATP-dependent RNA helicase activity	2	23517	ENSG00000039123	MTREX
GO:0019829	cation-transporting ATPase activity	2	515	ENSG00000116459	ATP5PB
GO:0034212	peptide N-acetyltransferase activity	2	8260	ENSG00000102030	NAA10
GO:0003724	RNA helicase activity	2	23517	ENSG00000039123	MTREX
GO:0008186	RNA-dependent ATPase activity	2	23517	ENSG00000039123	MTREX
GO:0022853	active ion transmembrane transporter activity	2	515	ENSG00000116459	ATP5PB
GO:0042625	ATPase coupled ion transmembrane transporter activity	2	515	ENSG00000116459	ATP5PB
GO:0005230	extracellular ligand-gated ion channel activity	2	2559	ENSG00000145863	GABRA6
GO:0072341	modified amino acid binding	2	2194	ENSG00000169710	FASN
GO:0050660	flavin adenine dinucleotide binding	2	8564	ENSG00000117009	KMO
GO:0003727	single-stranded RNA binding	2	27161	ENSG00000123908	AGO2
GO:0004843	thiol-dependent ubiquitin-specific protease activity	2	54764	ENSG00000019995	ZRANB1
GO:0015171	amino acid transmembrane transporter activity	2	57084	ENSG00000091664	SLC17A6
GO:0008013	beta-catenin binding	2	64321	ENSG00000164736	SOX17
GO:0008094	DNA-dependent ATPase activity	2	6594	ENSG00000102038	SMARCA1
GO:0008080	N-acetyltransferase activity	2	8260	ENSG00000102030	NAA10
GO:0001046	core promoter sequence-specific DNA binding	2	6664	ENSG00000176887	SOX11
GO:0030165	PDZ domain binding	2	8324	ENSG00000155760	FZD7
GO:0008135	translation factor activity, RNA binding	2	27161	ENSG00000123908	AGO2
GO:0042562	hormone binding	2	11057	ENSG00000140526	ABHD2
GO:0005253	anion channel activity	2	2559	ENSG00000145863	GABRA6
GO:0016410	N-acyltransferase activity	2	8260	ENSG00000102030	NAA10
GO:0003697	single-stranded DNA binding	2	8531	ENSG00000060138	YBX3
GO:0004540	ribonuclease activity	2	27161	ENSG00000123908	AGO2
GO:0099094	ligand-gated cation channel activity	2	10021	ENSG00000138622	HCN4
GO:0030594	neurotransmitter receptor activity	2	2559	ENSG00000145863	GABRA6
GO:0042626	ATPase activity, coupled to transmembrane movement of substances	2	515	ENSG00000116459	ATP5PB
GO:0005262	calcium channel activity	2	2905	ENSG00000161509	GRIN2C
GO:0036459	thiol-dependent ubiquitinyl hydrolase activity	2	54764	ENSG00000019995	ZRANB1
GO:0101005	ubiquitinyl hydrolase activity	2	54764	ENSG00000019995	ZRANB1
GO:0004702	signal transducer, downstream of receptor, with serine/threonine kinase activity	2	5594	ENSG00000100030	MAPK1
GO:0015405	P-P-bond-hydrolysis-driven transmembrane transporter activity	2	515	ENSG00000116459	ATP5PB
GO:0015399	primary active transmembrane transporter activity	2	515	ENSG00000116459	ATP5PB
GO:0016298	lipase activity	2	11057	ENSG00000140526	ABHD2
GO:0015078	proton transmembrane transporter activity	2	515	ENSG00000116459	ATP5PB
GO:0020037	heme binding	2	1562	ENSG00000108242	CYP2C18
GO:0019783	ubiquitin-like protein-specific protease activity	2	54764	ENSG00000019995	ZRANB1
GO:0008528	G-protein coupled peptide receptor activity	2	4881	ENSG00000169418	NPR1
GO:0001653	peptide receptor activity	2	4881	ENSG00000169418	NPR1
GO:0046906	tetrapyrrole binding	2	1562	ENSG00000108242	CYP2C18
GO:0016779	nucleotidyltransferase activity	2	5438	ENSG00000105258	POLR2I
GO:0022843	voltage-gated cation channel activity	2	10021	ENSG00000138622	HCN4
GO:0005342	organic acid transmembrane transporter activity	2	57084	ENSG00000091664	SLC17A6
GO:0046943	carboxylic acid transmembrane transporter activity	2	57084	ENSG00000091664	SLC17A6
GO:0005506	iron ion binding	2	1562	ENSG00000108242	CYP2C18
GO:0015079	potassium ion transmembrane transporter activity	2	10021	ENSG00000138622	HCN4
GO:0015103	inorganic anion transmembrane transporter activity	2	2559	ENSG00000145863	GABRA6
GO:0005057	signal transducer activity, downstream of receptor	2	5594	ENSG00000100030	MAPK1
GO:0030674	protein binding, bridging	2	55909	ENSG00000147439	BIN3
GO:0031406	carboxylic acid binding	2	2219	ENSG00000085265	FCN1
GO:0043177	organic acid binding	2	2219	ENSG00000085265	FCN1
GO:0060090	molecular adaptor activity	2	55909	ENSG00000147439	BIN3
GO:0005244	voltage-gated ion channel activity	2	10021	ENSG00000138622	HCN4
GO:0022832	voltage-gated channel activity	2	10021	ENSG00000138622	HCN4
GO:0019887	protein kinase regulator activity	2	8812	ENSG00000090061	CCNK
GO:0019207	kinase regulator activity	2	8812	ENSG00000090061	CCNK
GO:0016791	phosphatase activity	2	3632	ENSG00000068383	INPP5A
GO:0004857	enzyme inhibitor activity	2	8850	ENSG00000114166	KAT2B
GO:0003680	AT DNA binding	1	5456	ENSG00000196767	POU3F4
GO:0004983	neuropeptide Y receptor activity	1	10887	ENSG00000169621	PROKR1
GO:0005225	volume-sensitive anion channel activity	1	80131	ENSG00000171017	LRRC8E
GO:0008174	mRNA methyltransferase activity	1	55006	ENSG00000171103	TRMT61B
GO:0008474	palmitoyl-(protein) hydrolase activity	1	81926	ENSG00000129968	ABHD17A
GO:0015217	ADP transmembrane transporter activity	1	291	ENSG00000151729	SLC25A4
GO:0015651	quaternary ammonium group transmembrane transporter activity	1	10166	ENSG00000102743	SLC25A15
GO:0016208	AMP binding	1	3008	ENSG00000168298	HIST1H1E
GO:0030957	Tat protein binding	1	23710	ENSG00000139112	GABARAPL1
GO:0032395	MHC class II receptor activity	1	3872	ENSG00000128422	KRT17
GO:0035325	Toll-like receptor binding	1	10333	ENSG00000174130	TLR6
GO:0070016	armadillo repeat domain binding	1	29966	ENSG00000196792	STRN3
GO:0071723	lipopeptide binding	1	10333	ENSG00000174130	TLR6
GO:0098599	palmitoyl hydrolase activity	1	81926	ENSG00000129968	ABHD17A
GO:0140078	class I DNA-(apurinic or apyrimidinic site) endonuclease activity	1	200558	ENSG00000169621	APLF
GO:0140080	class III/IV DNA-(apurinic or apyrimidinic site) endonuclease activity	1	200558	ENSG00000169621	APLF
GO:0004312	fatty acid synthase activity	1	2194	ENSG00000169710	FASN
GO:0004596	peptide alpha-N-acetyltransferase activity	1	8260	ENSG00000102030	NAA10
GO:0005221	intracellular cyclic nucleotide activated cation channel activity	1	10021	ENSG00000138622	HCN4
GO:0008503	benzodiazepine receptor activity	1	2559	ENSG00000145863	GABRA6
GO:0009931	calcium-dependent protein serine/threonine kinase activity	1	815	ENSG00000070808	CAMK2A
GO:0032052	bile acid binding	1	1645	ENSG00000187134	AKR1C1
GO:0034452	dynactin binding	1	636	ENSG00000151746	BICD1
GO:0035197	siRNA binding	1	27161	ENSG00000123908	AGO2
GO:0043023	ribosomal large subunit binding	1	9147	ENSG00000165525	NEMF
GO:0043295	glutathione binding	1	2946	ENSG00000213366	GSTM2
GO:0043855	cyclic nucleotide-gated ion channel activity	1	10021	ENSG00000138622	HCN4
GO:0046030	inositol trisphosphate phosphatase activity	1	3632	ENSG00000068383	INPP5A
GO:0048407	platelet-derived growth factor binding	1	5156	ENSG00000134853	PDGFRA
GO:0052743	inositol tetrakisphosphate phosphatase activity	1	3632	ENSG00000068383	INPP5A
GO:0000295	adenine nucleotide transmembrane transporter activity	1	291	ENSG00000151729	SLC25A4
GO:0004861	cyclin-dependent protein serine/threonine kinase inhibitor activity	1	8850	ENSG00000114166	KAT2B
GO:0005346	purine ribonucleotide transmembrane transporter activity	1	291	ENSG00000151729	SLC25A4
GO:0010857	calcium-dependent protein kinase activity	1	815	ENSG00000070808	CAMK2A
GO:0015368	calcium:cation antiporter activity	1	283652	ENSG00000188467	SLC24A5
GO:0022851	GABA-gated chloride ion channel activity	1	2559	ENSG00000145863	GABRA6
GO:0043422	protein kinase B binding	1	5140	ENSG00000152270	PDE3B
GO:0047372	acylglycerol lipase activity	1	11057	ENSG00000140526	ABHD2
GO:1900750	oligopeptide binding	1	2946	ENSG00000213366	GSTM2
GO:0001161	intronic transcription regulatory region sequence-specific DNA binding	1	79977	ENSG00000083307	GRHL2
GO:0003906	DNA-(apurinic or apyrimidinic site) endonuclease activity	1	200558	ENSG00000169621	APLF
GO:0004032	alditol:NADP+ 1-oxidoreductase activity	1	1645	ENSG00000187134	AKR1C1
GO:0008179	adenylate cyclase binding	1	111	ENSG00000173175	ADCY5
GO:0008253	5'-nucleotidase activity	1	22978	ENSG00000076685	NT5C2
GO:0015037	peptide disulfide oxidoreductase activity	1	2923	ENSG00000167004	PDIA3
GO:0015216	purine nucleotide transmembrane transporter activity	1	291	ENSG00000151729	SLC25A4
GO:0031402	sodium ion binding	1	283652	ENSG00000188467	SLC24A5
GO:0042043	neurexin family protein binding	1	94121	ENSG00000102362	SYTL4
GO:0044213	intronic transcription regulatory region DNA binding	1	79977	ENSG00000083307	GRHL2
GO:0050321	tau-protein kinase activity	1	146057	ENSG00000128881	TTBK2
GO:0051010	microtubule plus-end binding	1	146057	ENSG00000128881	TTBK2
GO:0097617	annealing activity	1	6594	ENSG00000102038	SMARCA1
GO:0001222	transcription corepressor binding	1	6496	ENSG00000138083	SIX3
GO:0004089	carbonate dehydratase activity	1	11238	ENSG00000169239	CA5B
GO:0004707	MAP kinase activity	1	5594	ENSG00000100030	MAPK1
GO:0005313	L-glutamate transmembrane transporter activity	1	57084	ENSG00000091664	SLC17A6
GO:0005344	oxygen carrier activity	1	3043	ENSG00000244734	HBB
GO:0005388	calcium-transporting ATPase activity	1	84239	ENSG00000127249	ATP13A4
GO:0015172	acidic amino acid transmembrane transporter activity	1	57084	ENSG00000091664	SLC17A6
GO:0019215	intermediate filament binding	1	3861	ENSG00000186847	KRT14
GO:0030546	receptor activator activity	1	5581	ENSG00000171132	PRKCE
GO:0030983	mismatched DNA binding	1	7508	ENSG00000154767	XPC
GO:0070402	NADPH binding	1	2194	ENSG00000169710	FASN
GO:0004115	3',5'-cyclic-AMP phosphodiesterase activity	1	5140	ENSG00000152270	PDE3B
GO:0004708	MAP kinase kinase activity	1	5594	ENSG00000100030	MAPK1
GO:0005161	platelet-derived growth factor receptor binding	1	5156	ENSG00000134853	PDGFRA
GO:0008252	nucleotidase activity	1	22978	ENSG00000076685	NT5C2
GO:0015929	hexosaminidase activity	1	284004	ENSG00000169660	HEXDC
GO:0030955	potassium ion binding	1	283652	ENSG00000188467	SLC24A5
GO:0035613	RNA stem-loop binding	1	80149	ENSG00000163874	ZC3H12A
GO:0050811	GABA receptor binding	1	23710	ENSG00000139112	GABARAPL1
GO:0005237	inhibitory extracellular ligand-gated ion channel activity	1	2559	ENSG00000145863	GABRA6
GO:0016668	oxidoreductase activity, acting on a sulfur group of donors, NAD(P) as acceptor	1	84817	ENSG00000129235	TXNDC17
GO:0022821	potassium ion antiporter activity	1	283652	ENSG00000188467	SLC24A5
GO:0031435	mitogen-activated protein kinase kinase kinase binding	1	5594	ENSG00000100030	MAPK1
GO:0034185	apolipoprotein binding	1	4018	ENSG00000198670	LPA
GO:0050664	oxidoreductase activity, acting on NAD(P)H, oxygen as acceptor	1	8564	ENSG00000117009	KMO
GO:0008320	protein transmembrane transporter activity	1	9868	ENSG00000154174	TOMM70
GO:0008329	signaling pattern recognition receptor activity	1	2219	ENSG00000085265	FCN1
GO:0008391	arachidonic acid monooxygenase activity	1	1562	ENSG00000108242	CYP2C18
GO:0008392	arachidonic acid epoxygenase activity	1	1562	ENSG00000108242	CYP2C18
GO:0015215	nucleotide transmembrane transporter activity	1	291	ENSG00000151729	SLC25A4
GO:0038187	pattern recognition receptor activity	1	2219	ENSG00000085265	FCN1
GO:0042834	peptidoglycan binding	1	5967	ENSG00000115386	REG1A
GO:0046933	proton-transporting ATP synthase activity, rotational mechanism	1	515	ENSG00000116459	ATP5PB
GO:0000339	RNA cap binding	1	27161	ENSG00000123908	AGO2
GO:0005402	carbohydrate:cation symporter activity	1	125206	ENSG00000154025	SLC5A10
GO:0005537	mannose binding	1	30835	ENSG00000090659	CD209
GO:0035173	histone kinase activity	1	5563	ENSG00000162409	PRKAA2
GO:0071837	HMG box domain binding	1	5396	ENSG00000116132	PRRX1
GO:0097602	cullin family protein binding	1	23510	ENSG00000180901	KCTD2
GO:0000062	fatty-acyl-CoA binding	1	4329	ENSG00000119711	ALDH6A1
GO:0004890	GABA-A receptor activity	1	2559	ENSG00000145863	GABRA6
GO:0004970	ionotropic glutamate receptor activity	1	2905	ENSG00000161509	GRIN2C
GO:0005234	extracellularly glutamate-gated ion channel activity	1	2905	ENSG00000161509	GRIN2C
GO:0016780	phosphotransferase activity, for other substituted phosphate groups	1	5281	ENSG00000151665	PIGF
GO:0022884	macromolecule transmembrane transporter activity	1	9868	ENSG00000154174	TOMM70
GO:0030506	ankyrin binding	1	6711	ENSG00000115306	SPTBN1
GO:0052745	inositol phosphate phosphatase activity	1	3632	ENSG00000068383	INPP5A
GO:0099095	ligand-gated anion channel activity	1	2559	ENSG00000145863	GABRA6
GO:0003756	protein disulfide isomerase activity	1	2923	ENSG00000167004	PDIA3
GO:0016408	C-acyltransferase activity	1	30	ENSG00000060971	ACAA1
GO:0016864	intramolecular oxidoreductase activity, transposing S-S bonds	1	2923	ENSG00000167004	PDIA3
GO:0031420	alkali metal ion binding	1	283652	ENSG00000188467	SLC24A5
GO:0001223	transcription coactivator binding	1	6495	ENSG00000126778	SIX1
GO:0003950	NAD+ ADP-ribosyltransferase activity	1	8658	ENSG00000173273	TNKS
GO:0004602	glutathione peroxidase activity	1	2946	ENSG00000213366	GSTM2
GO:0005355	glucose transmembrane transporter activity	1	125206	ENSG00000154025	SLC5A10
GO:0008483	transaminase activity	1	9945	ENSG00000131459	GFPT2
GO:0016881	acid-amino acid ligase activity	1	79717	ENSG00000127125	PPCS
GO:0017049	GTP-Rho binding	1	5586	ENSG00000065243	PKN2
GO:0008106	alcohol dehydrogenase (NADP+) activity	1	1645	ENSG00000187134	AKR1C1
GO:0008649	rRNA methyltransferase activity	1	55006	ENSG00000171103	TRMT61B
GO:0015149	hexose transmembrane transporter activity	1	125206	ENSG00000154025	SLC5A10
GO:0016889	endodeoxyribonuclease activity, producing 3'-phosphomonoesters	1	200558	ENSG00000169621	APLF
GO:0016917	GABA receptor activity	1	2559	ENSG00000145863	GABRA6
GO:0070330	aromatase activity	1	1562	ENSG00000108242	CYP2C18
GO:0140102	catalytic activity, acting on a rRNA	1	55006	ENSG00000171103	TRMT61B
GO:0005248	voltage-gated sodium channel activity	1	10021	ENSG00000138622	HCN4
GO:0016769	transferase activity, transferring nitrogenous groups	1	9945	ENSG00000131459	GFPT2
GO:0048027	mRNA 5'-UTR binding	1	10643	ENSG00000136231	IGF2BP3
GO:0070840	dynein complex binding	1	636	ENSG00000151746	BICD1
GO:0140103	catalytic activity, acting on a glycoprotein	1	55624	ENSG00000085998	POMGNT1
GO:0000217	DNA secondary structure binding	1	7508	ENSG00000154767	XPC
GO:0015145	monosaccharide transmembrane transporter activity	1	125206	ENSG00000154025	SLC5A10
GO:0015605	organophosphate ester transmembrane transporter activity	1	291	ENSG00000151729	SLC25A4
GO:0030552	cAMP binding	1	10021	ENSG00000138622	HCN4
GO:0017025	TBP-class protein binding	1	5700	ENSG00000100764	PSMC1
GO:1901567	fatty acid derivative binding	1	4329	ENSG00000119711	ALDH6A1
GO:0001968	fibronectin binding	1	4018	ENSG00000198670	LPA
GO:0015101	organic cation transmembrane transporter activity	1	10166	ENSG00000102743	SLC25A15
GO:0003785	actin monomer binding	1	5581	ENSG00000171132	PRKCE
GO:0008066	glutamate receptor activity	1	2905	ENSG00000161509	GRIN2C
GO:0071889	14-3-3 protein binding	1	5581	ENSG00000171132	PRKCE
GO:0004683	calmodulin-dependent protein kinase activity	1	815	ENSG00000070808	CAMK2A
GO:0033764	steroid dehydrogenase activity, acting on the CH-OH group of donors, NAD or NADP as acceptor	1	1645	ENSG00000187134	AKR1C1
GO:0042605	peptide antigen binding	1	30835	ENSG00000090659	CD209
GO:0045505	dynein intermediate chain binding	1	636	ENSG00000151746	BICD1
GO:0051119	sugar transmembrane transporter activity	1	125206	ENSG00000154025	SLC5A10
GO:0051721	protein phosphatase 2A binding	1	29966	ENSG00000196792	STRN3
GO:1904680	peptide transmembrane transporter activity	1	9868	ENSG00000154174	TOMM70
GO:0001106	RNA polymerase II transcription corepressor activity	1	9096	ENSG00000112837	TBX18
GO:0003887	DNA-directed DNA polymerase activity	1	5428	ENSG00000140521	POLG
GO:0004033	aldo-keto reductase (NADP) activity	1	1645	ENSG00000187134	AKR1C1
GO:0004364	glutathione transferase activity	1	2946	ENSG00000213366	GSTM2
GO:0004629	phospholipase C activity	1	2923	ENSG00000167004	PDIA3
GO:0099604	ligand-gated calcium channel activity	1	2905	ENSG00000161509	GRIN2C
GO:0015491	cation:cation antiporter activity	1	283652	ENSG00000188467	SLC24A5
GO:0008519	ammonium transmembrane transporter activity	1	10166	ENSG00000102743	SLC25A15
GO:0015301	anion:anion antiporter activity	1	291	ENSG00000151729	SLC25A4
GO:0016417	S-acyltransferase activity	1	2194	ENSG00000169710	FASN
GO:0016712	oxidoreductase activity, acting on paired donors, with incorporation or reduction of molecular oxygen, reduced flavin or flavoprotein as one donor, and incorporation of one atom of oxygen	1	1562	ENSG00000108242	CYP2C18
GO:0043014	alpha-tubulin binding	1	127829	ENSG00000143862	ARL8A
GO:0016891	endoribonuclease activity, producing 5'-phosphomonoesters	1	27161	ENSG00000123908	AGO2
GO:0016894	endonuclease activity, active with either ribo- or deoxyribonucleic acids and producing 3'-phosphomonoesters	1	200558	ENSG00000169621	APLF
GO:0001103	RNA polymerase II repressing transcription factor binding	1	1108	ENSG00000111642	CHD4
GO:0016229	steroid dehydrogenase activity	1	1645	ENSG00000187134	AKR1C1
GO:0030291	protein serine/threonine kinase inhibitor activity	1	8850	ENSG00000114166	KAT2B
GO:0008536	Ran GTPase binding	1	10048	ENSG00000010017	RANBP9
GO:0015298	solute:cation antiporter activity	1	283652	ENSG00000188467	SLC24A5
GO:0042287	MHC protein binding	1	3872	ENSG00000128422	KRT17
GO:0044769	ATPase activity, coupled to transmembrane movement of ions, rotational mechanism	1	515	ENSG00000116459	ATP5PB
GO:0001784	phosphotyrosine residue binding	1	5594	ENSG00000100030	MAPK1
GO:0004532	exoribonuclease activity	1	80149	ENSG00000163874	ZC3H12A
GO:0004693	cyclin-dependent protein serine/threonine kinase activity	1	8812	ENSG00000090061	CCNK
GO:0005217	intracellular ligand-gated ion channel activity	1	10021	ENSG00000138622	HCN4
GO:0008395	steroid hydroxylase activity	1	1562	ENSG00000108242	CYP2C18
GO:0016620	oxidoreductase activity, acting on the aldehyde or oxo group of donors, NAD or NADP as acceptor	1	4329	ENSG00000119711	ALDH6A1
GO:0043531	ADP binding	1	3008	ENSG00000168298	HIST1H1E
GO:0000979	RNA polymerase II core promoter sequence-specific DNA binding	1	6664	ENSG00000176887	SOX11
GO:0004003	ATP-dependent DNA helicase activity	1	1108	ENSG00000111642	CHD4
GO:0097472	cyclin-dependent protein kinase activity	1	8812	ENSG00000090061	CCNK
GO:1901505	carbohydrate derivative transmembrane transporter activity	1	291	ENSG00000151729	SLC25A4
GO:0070888	E-box binding	1	6886	ENSG00000162367	TAL1
GO:0005310	dicarboxylic acid transmembrane transporter activity	1	57084	ENSG00000091664	SLC17A6
GO:0015144	carbohydrate transmembrane transporter activity	1	125206	ENSG00000154025	SLC5A10
GO:0015932	nucleobase-containing compound transmembrane transporter activity	1	291	ENSG00000151729	SLC25A4
GO:0030551	cyclic nucleotide binding	1	10021	ENSG00000138622	HCN4
GO:0099529	neurotransmitter receptor activity involved in regulation of postsynaptic membrane potential	1	2559	ENSG00000145863	GABRA6
GO:1904315	transmitter-gated ion channel activity involved in regulation of postsynaptic membrane potential	1	2559	ENSG00000145863	GABRA6
GO:0003755	peptidyl-prolyl cis-trans isomerase activity	1	23759	ENSG00000100023	PPIL2
GO:0015662	ATPase activity, coupled to transmembrane movement of ions, phosphorylative mechanism	1	84239	ENSG00000127249	ATP13A4
GO:0017069	snRNA binding	1	26121	ENSG00000105618	PRPF31
GO:0016893	endonuclease activity, active with either ribo- or deoxyribonucleic acids and producing 5'-phosphomonoesters	1	27161	ENSG00000123908	AGO2
GO:0030331	estrogen receptor binding	1	79039	ENSG00000123064	DDX54
GO:0098960	postsynaptic neurotransmitter receptor activity	1	2559	ENSG00000145863	GABRA6
GO:0003899	DNA-directed 5'-3' RNA polymerase activity	1	5438	ENSG00000105258	POLR2I
GO:0016859	cis-trans isomerase activity	1	23759	ENSG00000100023	PPIL2
GO:0017046	peptide hormone binding	1	4881	ENSG00000169418	NPR1
GO:0034061	DNA polymerase activity	1	5428	ENSG00000140521	POLG
GO:0035254	glutamate receptor binding	1	815	ENSG00000070808	CAMK2A
GO:0044183	protein binding involved in protein folding	1	6950	ENSG00000120438	TCP1
GO:0140104	molecular carrier activity	1	3043	ENSG00000244734	HBB
GO:0004407	histone deacetylase activity	1	1108	ENSG00000111642	CHD4
GO:0042887	amide transmembrane transporter activity	1	9868	ENSG00000154174	TOMM70
GO:0033558	protein deacetylase activity	1	1108	ENSG00000111642	CHD4
GO:0034062	5'-3' RNA polymerase activity	1	5438	ENSG00000105258	POLR2I
GO:0045309	protein phosphorylated amino acid binding	1	5594	ENSG00000100030	MAPK1
GO:0097747	RNA polymerase activity	1	5438	ENSG00000105258	POLR2I
GO:0005272	sodium channel activity	1	10021	ENSG00000138622	HCN4
GO:0016706	oxidoreductase activity, acting on paired donors, with incorporation or reduction of molecular oxygen, 2-oxoglutarate as one donor, and incorporation of one atom each of oxygen into both donors	1	444	ENSG00000198363	ASPH
GO:0016903	oxidoreductase activity, acting on the aldehyde or oxo group of donors	1	4329	ENSG00000119711	ALDH6A1
GO:0031492	nucleosomal DNA binding	1	1108	ENSG00000111642	CHD4
GO:0008307	structural constituent of muscle	1	444	ENSG00000198363	ASPH
GO:0005231	excitatory extracellular ligand-gated ion channel activity	1	2905	ENSG00000161509	GRIN2C
GO:0050661	NADP binding	1	2194	ENSG00000169710	FASN
GO:0001102	RNA polymerase II activating transcription factor binding	1	6926	ENSG00000135111	TBX3
GO:0001191	transcriptional repressor activity, RNA polymerase II transcription factor binding	1	9096	ENSG00000112837	TBX18
GO:0003678	DNA helicase activity	1	1108	ENSG00000111642	CHD4
GO:0004520	endodeoxyribonuclease activity	1	200558	ENSG00000169621	APLF
GO:0019205	nucleobase-containing compound kinase activity	1	22978	ENSG00000076685	NT5C2
GO:0003743	translation initiation factor activity	1	27161	ENSG00000123908	AGO2
GO:0008188	neuropeptide receptor activity	1	10887	ENSG00000169621	PROKR1
GO:0016763	transferase activity, transferring pentosyl groups	1	8658	ENSG00000173273	TNKS
GO:0016879	ligase activity, forming carbon-nitrogen bonds	1	79717	ENSG00000127125	PPCS
GO:0005326	neurotransmitter transporter activity	1	57084	ENSG00000091664	SLC17A6
GO:0005544	calcium-dependent phospholipid binding	1	94121	ENSG00000102362	SYTL4
GO:0019213	deacetylase activity	1	1108	ENSG00000111642	CHD4
GO:0004402	histone acetyltransferase activity	1	8850	ENSG00000114166	KAT2B
GO:0003707	steroid hormone receptor activity	1	11057	ENSG00000140526	ABHD2
GO:0019843	rRNA binding	1	55272	ENSG00000177971	IMP3
GO:0061733	peptide-lysine-N-acetyltransferase activity	1	8850	ENSG00000114166	KAT2B
GO:0097110	scaffold protein binding	1	111	ENSG00000173175	ADCY5
GO:0008375	acetylglucosaminyltransferase activity	1	55624	ENSG00000085998	POMGNT1
GO:0016655	oxidoreductase activity, acting on NAD(P)H, quinone or similar compound as acceptor	1	1645	ENSG00000187134	AKR1C1
GO:0033293	monocarboxylic acid binding	1	1645	ENSG00000187134	AKR1C1
GO:0016279	protein-lysine N-methyltransferase activity	1	110599564	ENSG00000145194	EEF1AKMT4
GO:0016278	lysine N-methyltransferase activity	1	110599564	ENSG00000145194	EEF1AKMT4
GO:0035064	methylated histone binding	1	84656	ENSG00000140632	GLYR1
GO:0140034	methylation-dependent protein binding	1	84656	ENSG00000140632	GLYR1
GO:0004714	transmembrane receptor protein tyrosine kinase activity	1	5156	ENSG00000134853	PDGFRA
GO:0005546	phosphatidylinositol-4,5-bisphosphate binding	1	8324	ENSG00000155760	FZD7
GO:0003684	damaged DNA binding	1	7508	ENSG00000154767	XPC
GO:0004536	deoxyribonuclease activity	1	200558	ENSG00000169621	APLF
GO:0046934	phosphatidylinositol-4,5-bisphosphate 3-kinase activity	1	5156	ENSG00000134853	PDGFRA
GO:0048029	monosaccharide binding	1	30835	ENSG00000090659	CD209
GO:0031434	mitogen-activated protein kinase kinase binding	1	5156	ENSG00000134853	PDGFRA
GO:0016782	transferase activity, transferring sulfur-containing groups	1	30	ENSG00000060971	ACAA1
GO:0052813	phosphatidylinositol bisphosphate kinase activity	1	5156	ENSG00000134853	PDGFRA
GO:0030276	clathrin binding	1	94121	ENSG00000102362	SYTL4
GO:0033613	activating transcription factor binding	1	6926	ENSG00000135111	TBX3
GO:0001618	virus receptor activity	1	30835	ENSG00000090659	CD209
GO:0104005	hijacked molecular function	1	30835	ENSG00000090659	CD209
GO:0015370	solute:sodium symporter activity	1	125206	ENSG00000154025	SLC5A10
GO:0035004	phosphatidylinositol 3-kinase activity	1	5156	ENSG00000134853	PDGFRA
GO:0051219	phosphoprotein binding	1	5594	ENSG00000100030	MAPK1
GO:0005089	Rho guanyl-nucleotide exchange factor activity	1	7204	ENSG00000038382	TRIO
GO:0043178	alcohol binding	1	5581	ENSG00000171132	PRKCE
GO:0004709	MAP kinase kinase kinase activity	1	5156	ENSG00000134853	PDGFRA
GO:0005254	chloride channel activity	1	2559	ENSG00000145863	GABRA6
GO:0019199	transmembrane receptor protein kinase activity	1	5156	ENSG00000134853	PDGFRA
GO:0032947	protein-containing complex scaffold activity	1	7965	ENSG00000106305	AIMP2
GO:0004197	cysteine-type endopeptidase activity	1	2923	ENSG00000167004	PDIA3
GO:0016811	hydrolase activity, acting on carbon-nitrogen (but not peptide) bonds, in linear amides	1	1108	ENSG00000111642	CHD4
GO:0035258	steroid hormone receptor binding	1	79039	ENSG00000123064	DDX54
GO:0008276	protein methyltransferase activity	1	110599564	ENSG00000145194	EEF1AKMT4
GO:0008565	protein transporter activity	1	9868	ENSG00000154174	TOMM70
GO:0051213	dioxygenase activity	1	444	ENSG00000198363	ASPH
GO:0005496	steroid binding	1	1645	ENSG00000187134	AKR1C1
GO:0019905	syntaxin binding	1	94121	ENSG00000102362	SYTL4
GO:0005249	voltage-gated potassium channel activity	1	10021	ENSG00000138622	HCN4
GO:0015108	chloride transmembrane transporter activity	1	2559	ENSG00000145863	GABRA6
GO:0004860	protein kinase inhibitor activity	1	8850	ENSG00000114166	KAT2B
GO:0008170	N-methyltransferase activity	1	110599564	ENSG00000145194	EEF1AKMT4
GO:0004620	phospholipase activity	1	2923	ENSG00000167004	PDIA3
GO:0019210	kinase inhibitor activity	1	8850	ENSG00000114166	KAT2B
GO:1902936	phosphatidylinositol bisphosphate binding	1	8324	ENSG00000155760	FZD7
GO:0004553	hydrolase activity, hydrolyzing O-glycosyl compounds	1	284004	ENSG00000169660	HEXDC
GO:0015294	solute:cation symporter activity	1	125206	ENSG00000154025	SLC5A10
GO:0009055	electron transfer activity	1	444	ENSG00000198363	ASPH
GO:0005178	integrin binding	1	7060	ENSG00000113296	THBS4
GO:0019903	protein phosphatase binding	1	29966	ENSG00000196792	STRN3
GO:0031072	heat shock protein binding	1	23234	ENSG00000213551	DNAJC9
GO:0051082	unfolded protein binding	1	6950	ENSG00000120438	TCP1
GO:0000149	SNARE binding	1	94121	ENSG00000102362	SYTL4
GO:0005267	potassium channel activity	1	10021	ENSG00000138622	HCN4
GO:0016798	hydrolase activity, acting on glycosyl bonds	1	284004	ENSG00000169660	HEXDC
GO:0002020	protease binding	1	5428	ENSG00000140521	POLG
GO:0019838	growth factor binding	1	5156	ENSG00000134853	PDGFRA
GO:0070851	growth factor receptor binding	1	5156	ENSG00000134853	PDGFRA
GO:0019842	vitamin binding	1	2194	ENSG00000169710	FASN
GO:0052689	carboxylic ester hydrolase activity	1	11057	ENSG00000140526	ABHD2
GO:1901981	phosphatidylinositol phosphate binding	1	8324	ENSG00000155760	FZD7
GO:0016810	hydrolase activity, acting on carbon-nitrogen (but not peptide) bonds	1	1108	ENSG00000111642	CHD4
GO:0035257	nuclear hormone receptor binding	1	79039	ENSG00000123064	DDX54
GO:0016874	ligase activity	1	79717	ENSG00000127125	PPCS
GO:0003735	structural constituent of ribosome	1	55272	ENSG00000177971	IMP3
GO:0004866	endopeptidase inhibitor activity	1	4018	ENSG00000198670	LPA
GO:0051427	hormone receptor binding	1	79039	ENSG00000123064	DDX54
GO:0061135	endopeptidase regulator activity	1	4018	ENSG00000198670	LPA
GO:0004713	protein tyrosine kinase activity	1	5156	ENSG00000134853	PDGFRA
GO:0030414	peptidase inhibitor activity	1	4018	ENSG00000198670	LPA
GO:0008022	protein C-terminus binding	1	27161	ENSG00000123908	AGO2
GO:0003823	antigen binding	1	30835	ENSG00000090659	CD209
GO:0061134	peptidase regulator activity	1	4018	ENSG00000198670	LPA
GO:0035091	phosphatidylinositol binding	1	8324	ENSG00000155760	FZD7
GO:0001228	transcriptional activator activity, RNA polymerase II transcription regulatory region sequence-specific DNA binding	18	79977	ENSG00000083307	GRHL2
GO:0000982	transcription factor activity, RNA polymerase II proximal promoter sequence-specific DNA binding	14	3202	ENSG00000106004	HOXA5
GO:0000978	RNA polymerase II proximal promoter sequence-specific DNA binding	14	3202	ENSG00000106004	HOXA5
GO:0000987	proximal promoter sequence-specific DNA binding	14	3202	ENSG00000106004	HOXA5
GO:0005525	GTP binding	12	81027	ENSG00000101162	TUBB1
GO:0032550	purine ribonucleoside binding	12	81027	ENSG00000101162	TUBB1
GO:0001883	purine nucleoside binding	12	81027	ENSG00000101162	TUBB1
GO:0032549	ribonucleoside binding	12	81027	ENSG00000101162	TUBB1
GO:0001882	nucleoside binding	12	81027	ENSG00000101162	TUBB1
GO:0032561	guanyl ribonucleotide binding	12	81027	ENSG00000101162	TUBB1
GO:0019001	guanyl nucleotide binding	12	81027	ENSG00000101162	TUBB1
GO:0001077	transcriptional activator activity, RNA polymerase II proximal promoter sequence-specific DNA binding	10	3202	ENSG00000106004	HOXA5
GO:0003924	GTPase activity	10	81027	ENSG00000101162	TUBB1
GO:0003713	transcription coactivator activity	10	57492	ENSG00000049618	ARID1B
GO:0048037	cofactor binding	10	8564	ENSG00000117009	KMO
GO:0042623	ATPase activity, coupled	9	5700	ENSG00000100764	PSMC1
GO:0016887	ATPase activity	9	5700	ENSG00000100764	PSMC1
GO:0046982	protein heterodimerization activity	9	9096	ENSG00000112837	TBX18
GO:0005200	structural constituent of cytoskeleton	8	6711	ENSG00000115306	SPTBN1
GO:0140098	catalytic activity, acting on RNA	8	23517	ENSG00000039123	MTREX
GO:0003714	transcription corepressor activity	7	9096	ENSG00000112837	TBX18
GO:0050662	coenzyme binding	7	4329	ENSG00000119711	ALDH6A1
GO:0022804	active transmembrane transporter activity	7	10166	ENSG00000102743	SLC25A15
GO:0004842	ubiquitin-protein transferase activity	7	51003	ENSG00000108590	MED31
GO:0019787	ubiquitin-like protein transferase activity	7	51003	ENSG00000108590	MED31
GO:0004175	endopeptidase activity	7	2999	ENSG00000100450	GZMH
GO:0001158	enhancer sequence-specific DNA binding	6	6496	ENSG00000138083	SIX3
GO:0035326	enhancer binding	6	6496	ENSG00000138083	SIX3
GO:0001076	transcription factor activity, RNA polymerase II transcription factor binding	6	51003	ENSG00000108590	MED31
GO:0008168	methyltransferase activity	6	57570	ENSG00000126814	TRMT5
GO:0061630	ubiquitin protein ligase activity	6	51003	ENSG00000108590	MED31
GO:0016741	transferase activity, transferring one-carbon groups	6	57570	ENSG00000126814	TRMT5
GO:0061659	ubiquitin-like protein ligase activity	6	51003	ENSG00000108590	MED31
GO:0001227	transcriptional repressor activity, RNA polymerase II transcription regulatory region sequence-specific DNA binding	6	5396	ENSG00000116132	PRRX1
GO:0005088	Ras guanyl-nucleotide exchange factor activity	6	7204	ENSG00000038382	TRIO
GO:0001664	G-protein coupled receptor binding	6	2767	ENSG00000088256	GNA11
GO:0005085	guanyl-nucleotide exchange factor activity	6	7204	ENSG00000038382	TRIO
GO:0050839	cell adhesion molecule binding	6	7060	ENSG00000113296	THBS4
GO:0000980	RNA polymerase II distal enhancer sequence-specific DNA binding	5	6496	ENSG00000138083	SIX3
GO:0001104	RNA polymerase II transcription cofactor activity	5	9096	ENSG00000112837	TBX18
GO:0042826	histone deacetylase binding	5	1108	ENSG00000111642	CHD4
GO:0043021	ribonucleoprotein complex binding	5	26121	ENSG00000105618	PRPF31
GO:0016616	oxidoreductase activity, acting on the CH-OH group of donors, NAD or NADP as acceptor	5	3419	ENSG00000166411	IDH3A
GO:0140030	modification-dependent protein binding	5	29979	ENSG00000135018	UBQLN1
GO:0016614	oxidoreductase activity, acting on CH-OH group of donors	5	3419	ENSG00000166411	IDH3A
GO:0004386	helicase activity	5	6594	ENSG00000102038	SMARCA1
GO:0016705	oxidoreductase activity, acting on paired donors, with incorporation or reduction of molecular oxygen	5	8564	ENSG00000117009	KMO
GO:0017048	Rho GTPase binding	5	8531	ENSG00000060138	YBX3
GO:0016829	lyase activity	5	4881	ENSG00000169418	NPR1
GO:0004518	nuclease activity	5	27161	ENSG00000123908	AGO2
GO:1901681	sulfur compound binding	5	4329	ENSG00000119711	ALDH6A1
GO:0015291	secondary active transmembrane transporter activity	5	10166	ENSG00000102743	SLC25A15
GO:0033218	amide binding	5	4881	ENSG00000169418	NPR1
GO:0045296	cadherin binding	5	6711	ENSG00000115306	SPTBN1
GO:0008509	anion transmembrane transporter activity	5	10166	ENSG00000102743	SLC25A15
GO:0015631	tubulin binding	5	146057	ENSG00000128881	TTBK2
GO:0042578	phosphoric ester hydrolase activity	5	22978	ENSG00000076685	NT5C2
GO:0015077	monovalent inorganic cation transmembrane transporter activity	5	27109	ENSG00000125375	ATP5S
GO:0003729	mRNA binding	5	27161	ENSG00000123908	AGO2
GO:0005216	ion channel activity	5	2559	ENSG00000145863	GABRA6
GO:0022838	substrate-specific channel activity	5	2559	ENSG00000145863	GABRA6
GO:0046873	metal ion transmembrane transporter activity	5	10021	ENSG00000138622	HCN4
GO:0015267	channel activity	5	2559	ENSG00000145863	GABRA6
GO:0022803	passive transmembrane transporter activity	5	2559	ENSG00000145863	GABRA6
GO:0031593	polyubiquitin modification-dependent protein binding	4	29979	ENSG00000135018	UBQLN1
GO:0003730	mRNA 3'-UTR binding	4	10643	ENSG00000136231	IGF2BP3
GO:0031491	nucleosome binding	4	1108	ENSG00000111642	CHD4
GO:0003705	transcription factor activity, RNA polymerase II distal enhancer sequence-specific binding	4	6496	ENSG00000138083	SIX3
GO:0004497	monooxygenase activity	4	8564	ENSG00000117009	KMO
GO:0043492	ATPase activity, coupled to movement of substances	4	515	ENSG00000116459	ATP5PB
GO:0004519	endonuclease activity	4	27161	ENSG00000123908	AGO2
GO:0001078	transcriptional repressor activity, RNA polymerase II proximal promoter sequence-specific DNA binding	4	57616	ENSG00000121297	TSHZ3
GO:0008757	S-adenosylmethionine-dependent methyltransferase activity	4	57570	ENSG00000126814	TRMT5
GO:0042393	histone binding	4	84656	ENSG00000140632	GLYR1
GO:0000287	magnesium ion binding	4	79895	ENSG00000104043	ATP8B4
GO:0140097	catalytic activity, acting on DNA	4	1108	ENSG00000111642	CHD4
GO:0005539	glycosaminoglycan binding	4	5967	ENSG00000115386	REG1A
GO:0016747	transferase activity, transferring acyl groups other than amino-acyl groups	4	8260	ENSG00000102030	NAA10
GO:0016746	transferase activity, transferring acyl groups	4	8260	ENSG00000102030	NAA10
GO:0030246	carbohydrate binding	4	30835	ENSG00000090659	CD209
GO:0042277	peptide binding	4	4881	ENSG00000169418	NPR1
GO:0016757	transferase activity, transferring glycosyl groups	4	167127	ENSG00000168671	UGT3A2
GO:0003779	actin binding	4	80306	ENSG00000118579	MED28
GO:0048018	receptor ligand activity	4	7060	ENSG00000113296	THBS4
GO:0008175	tRNA methyltransferase activity	3	57570	ENSG00000126814	TRMT5
GO:0001105	RNA polymerase II transcription coactivator activity	3	6664	ENSG00000176887	SOX11
GO:0016709	oxidoreductase activity, acting on paired donors, with incorporation or reduction of molecular oxygen, NAD(P)H as one donor, and incorporation of one atom of oxygen	3	51004	ENSG00000119723	COQ6
GO:0004601	peroxidase activity	3	2946	ENSG00000213366	GSTM2
GO:0016684	oxidoreductase activity, acting on peroxide as acceptor	3	2946	ENSG00000213366	GSTM2
GO:0043022	ribosome binding	3	79568	ENSG00000162972	MAIP1
GO:0051287	NAD binding	3	3419	ENSG00000166411	IDH3A
GO:0016627	oxidoreductase activity, acting on the CH-CH group of donors	3	2194	ENSG00000169710	FASN
GO:0008173	RNA methyltransferase activity	3	57570	ENSG00000126814	TRMT5
GO:0001190	transcriptional activator activity, RNA polymerase II transcription factor binding	3	6664	ENSG00000176887	SOX11
GO:0016835	carbon-oxygen lyase activity	3	200558	ENSG00000169621	APLF
GO:0070063	RNA polymerase binding	3	51637	ENSG00000087302	RTRAF
GO:0004527	exonuclease activity	3	80149	ENSG00000163874	ZC3H12A
GO:0016209	antioxidant activity	3	2946	ENSG00000213366	GSTM2
GO:0015297	antiporter activity	3	291	ENSG00000151729	SLC25A4
GO:0008081	phosphoric diester hydrolase activity	3	5140	ENSG00000152270	PDE3B
GO:0008026	ATP-dependent helicase activity	3	1108	ENSG00000111642	CHD4
GO:0070035	purine NTP-dependent helicase activity	3	1108	ENSG00000111642	CHD4
GO:0015238	drug transmembrane transporter activity	3	10166	ENSG00000102743	SLC25A15
GO:0016407	acetyltransferase activity	3	8850	ENSG00000114166	KAT2B
GO:0031490	chromatin DNA binding	3	1108	ENSG00000111642	CHD4
GO:0004222	metalloendopeptidase activity	3	9718	ENSG00000145194	ECE2
GO:0016651	oxidoreductase activity, acting on NAD(P)H	3	84817	ENSG00000129235	TXNDC17
GO:0140101	catalytic activity, acting on a tRNA	3	57570	ENSG00000126814	TRMT5
GO:0005319	lipid transporter activity	3	10877	ENSG00000134365	CFHR4
GO:0001085	RNA polymerase II transcription factor binding	3	6926	ENSG00000135111	TBX3
GO:0015085	calcium ion transmembrane transporter activity	3	2905	ENSG00000161509	GRIN2C
GO:0015293	symporter activity	3	125206	ENSG00000154025	SLC5A10
GO:0001047	core promoter binding	3	6664	ENSG00000176887	SOX11
GO:0015276	ligand-gated ion channel activity	3	2559	ENSG00000145863	GABRA6
GO:0022834	ligand-gated channel activity	3	2559	ENSG00000145863	GABRA6
GO:0008194	UDP-glycosyltransferase activity	3	167127	ENSG00000168671	UGT3A2
GO:0016853	isomerase activity	3	2923	ENSG00000167004	PDIA3
GO:0008201	heparin binding	3	202915	ENSG00000164855	TMEM184A
GO:0015081	sodium ion transmembrane transporter activity	3	125206	ENSG00000154025	SLC5A10
GO:0008083	growth factor activity	3	5967	ENSG00000115386	REG1A
GO:0019902	phosphatase binding	3	5594	ENSG00000100030	MAPK1
GO:0017137	Rab GTPase binding	3	78992	ENSG00000130733	YIPF2
GO:0008237	metallopeptidase activity	3	9718	ENSG00000145194	ECE2
GO:0005516	calmodulin binding	3	6711	ENSG00000115306	SPTBN1
GO:0008234	cysteine-type peptidase activity	3	80149	ENSG00000163874	ZC3H12A
GO:0016758	transferase activity, transferring hexosyl groups	3	167127	ENSG00000168671	UGT3A2
GO:0008514	organic anion transmembrane transporter activity	3	10166	ENSG00000102743	SLC25A15
GO:0004252	serine-type endopeptidase activity	3	2999	ENSG00000100450	GZMH
GO:0008017	microtubule binding	3	146057	ENSG00000128881	TTBK2
GO:0008236	serine-type peptidase activity	3	2999	ENSG00000100450	GZMH
GO:0017171	serine hydrolase activity	3	2999	ENSG00000100450	GZMH
GO:0031625	ubiquitin protein ligase binding	3	55643	ENSG00000133243	BTBD2
GO:0005261	cation channel activity	3	2905	ENSG00000161509	GRIN2C
GO:0044389	ubiquitin-like protein ligase binding	3	55643	ENSG00000133243	BTBD2
GO:0022839	ion gated channel activity	3	2559	ENSG00000145863	GABRA6
GO:0022836	gated channel activity	3	2559	ENSG00000145863	GABRA6
GO:0005543	phospholipid binding	3	6711	ENSG00000115306	SPTBN1
GO:0017154	semaphorin receptor activity	2	5361	ENSG00000114554	PLXNA1
GO:0008093	cytoskeletal adaptor activity	2	636	ENSG00000151746	BICD1
GO:0035925	mRNA 3'-UTR AU-rich region binding	2	80149	ENSG00000163874	ZC3H12A
GO:0016423	tRNA (guanine) methyltransferase activity	2	57570	ENSG00000126814	TRMT5
GO:0034450	ubiquitin-ubiquitin ligase activity	2	57162	ENSG00000197329	PELI1
GO:0047555	3',5'-cyclic-GMP phosphodiesterase activity	2	5140	ENSG00000152270	PDE3B
GO:0004551	nucleotide diphosphatase activity	2	55190	ENSG00000196368	NUDT11
GO:0004697	protein kinase C activity	2	5581	ENSG00000171132	PRKCE
GO:0008353	RNA polymerase II carboxy-terminal domain kinase activity	2	5594	ENSG00000100030	MAPK1
GO:0070492	oligosaccharide binding	2	55600	ENSG00000179914	ITLN1
GO:0004383	guanylate cyclase activity	2	111	ENSG00000173175	ADCY5
GO:0004016	adenylate cyclase activity	2	111	ENSG00000173175	ADCY5
GO:0004012	phospholipid-translocating ATPase activity	2	374868	ENSG00000166377	ATP9B
GO:0031683	G-protein beta/gamma-subunit complex binding	2	1068	ENSG00000177143	CETN1
GO:0070530	K63-linked polyubiquitin modification-dependent protein binding	2	254225	ENSG00000166439	RNF169
GO:0016849	phosphorus-oxygen lyase activity	2	111	ENSG00000173175	ADCY5
GO:0042813	Wnt-activated receptor activity	2	2535	ENSG00000180340	FZD2
GO:0009975	cyclase activity	2	111	ENSG00000173175	ADCY5
GO:0004114	3',5'-cyclic-nucleotide phosphodiesterase activity	2	5140	ENSG00000152270	PDE3B
GO:0035198	miRNA binding	2	80149	ENSG00000163874	ZC3H12A
GO:0004112	cyclic-nucleotide phosphodiesterase activity	2	5140	ENSG00000152270	PDE3B
GO:0017091	AU-rich element binding	2	80149	ENSG00000163874	ZC3H12A
GO:0016628	oxidoreductase activity, acting on the CH-CH group of donors, NAD or NADP as acceptor	2	1645	ENSG00000187134	AKR1C1
GO:0071949	FAD binding	2	51004	ENSG00000119723	COQ6
GO:0030515	snoRNA binding	2	55272	ENSG00000177971	IMP3
GO:0017147	Wnt-protein binding	2	2535	ENSG00000180340	FZD2
GO:0001205	transcriptional activator activity, RNA polymerase II distal enhancer sequence-specific DNA binding	2	10620	ENSG00000179361	ARID3B
GO:0016538	cyclin-dependent protein serine/threonine kinase regulator activity	2	8850	ENSG00000114166	KAT2B
GO:0061980	regulatory RNA binding	2	80149	ENSG00000163874	ZC3H12A
GO:0015020	glucuronosyltransferase activity	2	7364	ENSG00000171234	UGT2B7
GO:0016790	thiolester hydrolase activity	2	2194	ENSG00000169710	FASN
GO:0048487	beta-tubulin binding	2	127829	ENSG00000143862	ARL8A
GO:0005109	frizzled binding	2	8324	ENSG00000155760	FZD7
GO:0019894	kinesin binding	2	51473	ENSG00000146038	DCDC2
GO:0001221	transcription cofactor binding	2	6496	ENSG00000138083	SIX3
GO:0004712	protein serine/threonine/tyrosine kinase activity	2	5563	ENSG00000162409	PRKAA2
GO:0015036	disulfide oxidoreductase activity	2	2923	ENSG00000167004	PDIA3
GO:0000993	RNA polymerase II core binding	2	27161	ENSG00000123908	AGO2
GO:0019825	oxygen binding	2	3043	ENSG00000244734	HBB
GO:0016860	intramolecular oxidoreductase activity	2	4351	ENSG00000178802	MPI
GO:0008408	3'-5' exonuclease activity	2	200558	ENSG00000169621	APLF
GO:0043175	RNA polymerase core enzyme binding	2	27161	ENSG00000123908	AGO2
GO:0045182	translation regulator activity	2	10643	ENSG00000136231	IGF2BP3
GO:0016836	hydro-lyase activity	2	2194	ENSG00000169710	FASN
GO:0000049	tRNA binding	2	9147	ENSG00000165525	NEMF
GO:0005548	phospholipid transporter activity	2	374868	ENSG00000166377	ATP9B
GO:0022824	transmitter-gated ion channel activity	2	2905	ENSG00000161509	GRIN2C
GO:0022835	transmitter-gated channel activity	2	2905	ENSG00000161509	GRIN2C
GO:0015179	L-amino acid transmembrane transporter activity	2	10166	ENSG00000102743	SLC25A15
GO:0016765	transferase activity, transferring alkyl or aryl (other than methyl) groups	2	2946	ENSG00000213366	GSTM2
GO:0001098	basal transcription machinery binding	2	27161	ENSG00000123908	AGO2
GO:0001099	basal RNA polymerase II transcription machinery binding	2	27161	ENSG00000123908	AGO2
GO:0004521	endoribonuclease activity	2	80149	ENSG00000163874	ZC3H12A
GO:0016667	oxidoreductase activity, acting on a sulfur group of donors	2	2923	ENSG00000167004	PDIA3
GO:0099516	ion antiporter activity	2	283652	ENSG00000188467	SLC24A5
GO:0070491	repressing transcription factor binding	2	26155	ENSG00000188976	NOC2L
GO:0003725	double-stranded RNA binding	2	55601	ENSG00000137628	DDX60
GO:0004004	ATP-dependent RNA helicase activity	2	79039	ENSG00000123064	DDX54
GO:0019829	cation-transporting ATPase activity	2	84239	ENSG00000127249	ATP13A4
GO:0034212	peptide N-acetyltransferase activity	2	8850	ENSG00000114166	KAT2B
GO:0003724	RNA helicase activity	2	79039	ENSG00000123064	DDX54
GO:0008186	RNA-dependent ATPase activity	2	79039	ENSG00000123064	DDX54
GO:0022853	active ion transmembrane transporter activity	2	84239	ENSG00000127249	ATP13A4
GO:0042625	ATPase coupled ion transmembrane transporter activity	2	84239	ENSG00000127249	ATP13A4
GO:0005230	extracellular ligand-gated ion channel activity	2	2905	ENSG00000161509	GRIN2C
GO:0072341	modified amino acid binding	2	2946	ENSG00000213366	GSTM2
GO:0050660	flavin adenine dinucleotide binding	2	51004	ENSG00000119723	COQ6
GO:0003727	single-stranded RNA binding	2	55601	ENSG00000137628	DDX60
GO:0004843	thiol-dependent ubiquitin-specific protease activity	2	80149	ENSG00000163874	ZC3H12A
GO:0015171	amino acid transmembrane transporter activity	2	10166	ENSG00000102743	SLC25A15
GO:0008013	beta-catenin binding	2	283149	ENSG00000186174	BCL9L
GO:0008094	DNA-dependent ATPase activity	2	1108	ENSG00000111642	CHD4
GO:0008080	N-acetyltransferase activity	2	8850	ENSG00000114166	KAT2B
GO:0001046	core promoter sequence-specific DNA binding	2	6656	ENSG00000182968	SOX1
GO:0030165	PDZ domain binding	2	2535	ENSG00000180340	FZD2
GO:0008135	translation factor activity, RNA binding	2	6664	ENSG00000176887	SOX11
GO:0042562	hormone binding	2	4881	ENSG00000169418	NPR1
GO:0005253	anion channel activity	2	80131	ENSG00000171017	LRRC8E
GO:0016410	N-acyltransferase activity	2	8850	ENSG00000114166	KAT2B
GO:0003697	single-stranded DNA binding	2	7508	ENSG00000154767	XPC
GO:0004540	ribonuclease activity	2	80149	ENSG00000163874	ZC3H12A
GO:0099094	ligand-gated cation channel activity	2	2905	ENSG00000161509	GRIN2C
GO:0030594	neurotransmitter receptor activity	2	2905	ENSG00000161509	GRIN2C
GO:0042626	ATPase activity, coupled to transmembrane movement of substances	2	84239	ENSG00000127249	ATP13A4
GO:0005262	calcium channel activity	2	283652	ENSG00000188467	SLC24A5
GO:0036459	thiol-dependent ubiquitinyl hydrolase activity	2	80149	ENSG00000163874	ZC3H12A
GO:0101005	ubiquitinyl hydrolase activity	2	80149	ENSG00000163874	ZC3H12A
GO:0004702	signal transducer, downstream of receptor, with serine/threonine kinase activity	2	5156	ENSG00000134853	PDGFRA
GO:0015405	P-P-bond-hydrolysis-driven transmembrane transporter activity	2	84239	ENSG00000127249	ATP13A4
GO:0015399	primary active transmembrane transporter activity	2	84239	ENSG00000127249	ATP13A4
GO:0016298	lipase activity	2	2923	ENSG00000167004	PDIA3
GO:0015078	proton transmembrane transporter activity	2	27109	ENSG00000125375	ATP5S
GO:0020037	heme binding	2	3043	ENSG00000244734	HBB
GO:0019783	ubiquitin-like protein-specific protease activity	2	80149	ENSG00000163874	ZC3H12A
GO:0008528	G-protein coupled peptide receptor activity	2	10887	ENSG00000169621	PROKR1
GO:0001653	peptide receptor activity	2	10887	ENSG00000169621	PROKR1
GO:0046906	tetrapyrrole binding	2	3043	ENSG00000244734	HBB
GO:0016779	nucleotidyltransferase activity	2	5428	ENSG00000140521	POLG
GO:0022843	voltage-gated cation channel activity	2	2905	ENSG00000161509	GRIN2C
GO:0005342	organic acid transmembrane transporter activity	2	10166	ENSG00000102743	SLC25A15
GO:0046943	carboxylic acid transmembrane transporter activity	2	10166	ENSG00000102743	SLC25A15
GO:0005506	iron ion binding	2	3043	ENSG00000244734	HBB
GO:0015079	potassium ion transmembrane transporter activity	2	283652	ENSG00000188467	SLC24A5
GO:0015103	inorganic anion transmembrane transporter activity	2	80131	ENSG00000171017	LRRC8E
GO:0005057	signal transducer activity, downstream of receptor	2	5156	ENSG00000134853	PDGFRA
GO:0030674	protein binding, bridging	2	636	ENSG00000151746	BICD1
GO:0031406	carboxylic acid binding	2	1645	ENSG00000187134	AKR1C1
GO:0043177	organic acid binding	2	1645	ENSG00000187134	AKR1C1
GO:0060090	molecular adaptor activity	2	636	ENSG00000151746	BICD1
GO:0005244	voltage-gated ion channel activity	2	2905	ENSG00000161509	GRIN2C
GO:0022832	voltage-gated channel activity	2	2905	ENSG00000161509	GRIN2C
GO:0019887	protein kinase regulator activity	2	8850	ENSG00000114166	KAT2B
GO:0019207	kinase regulator activity	2	8850	ENSG00000114166	KAT2B
GO:0016791	phosphatase activity	2	22978	ENSG00000076685	NT5C2
GO:0004857	enzyme inhibitor activity	2	4018	ENSG00000198670	LPA
GO:0001228	transcriptional activator activity, RNA polymerase II transcription regulatory region sequence-specific DNA binding	18	2294	ENSG00000103241	FOXF1
GO:0000982	transcription factor activity, RNA polymerase II proximal promoter sequence-specific DNA binding	14	9355	ENSG00000106689	LHX2
GO:0000978	RNA polymerase II proximal promoter sequence-specific DNA binding	14	9355	ENSG00000106689	LHX2
GO:0000987	proximal promoter sequence-specific DNA binding	14	9355	ENSG00000106689	LHX2
GO:0005525	GTP binding	12	7283	ENSG00000131462	TUBG1
GO:0032550	purine ribonucleoside binding	12	7283	ENSG00000131462	TUBG1
GO:0001883	purine nucleoside binding	12	7283	ENSG00000131462	TUBG1
GO:0032549	ribonucleoside binding	12	7283	ENSG00000131462	TUBG1
GO:0001882	nucleoside binding	12	7283	ENSG00000131462	TUBG1
GO:0032561	guanyl ribonucleotide binding	12	7283	ENSG00000131462	TUBG1
GO:0019001	guanyl nucleotide binding	12	7283	ENSG00000131462	TUBG1
GO:0001077	transcriptional activator activity, RNA polymerase II proximal promoter sequence-specific DNA binding	10	9355	ENSG00000106689	LHX2
GO:0003924	GTPase activity	10	7283	ENSG00000131462	TUBG1
GO:0003713	transcription coactivator activity	10	51003	ENSG00000108590	MED31
GO:0048037	cofactor binding	10	4329	ENSG00000119711	ALDH6A1
GO:0042623	ATPase activity, coupled	9	6594	ENSG00000102038	SMARCA1
GO:0016887	ATPase activity	9	6594	ENSG00000102038	SMARCA1
GO:0046982	protein heterodimerization activity	9	347733	ENSG00000137285	TUBB2B
GO:0005200	structural constituent of cytoskeleton	8	3872	ENSG00000128422	KRT17
GO:0140098	catalytic activity, acting on RNA	8	5438	ENSG00000105258	POLR2I
GO:0003714	transcription corepressor activity	7	11278	ENSG00000118922	KLF12
GO:0050662	coenzyme binding	7	51004	ENSG00000119723	COQ6
GO:0022804	active transmembrane transporter activity	7	515	ENSG00000116459	ATP5PB
GO:0004842	ubiquitin-protein transferase activity	7	6045	ENSG00000121481	RNF2
GO:0019787	ubiquitin-like protein transferase activity	7	6045	ENSG00000121481	RNF2
GO:0004175	endopeptidase activity	7	10893	ENSG00000125966	MMP24
GO:0001158	enhancer sequence-specific DNA binding	6	6886	ENSG00000162367	TAL1
GO:0035326	enhancer binding	6	6886	ENSG00000162367	TAL1
GO:0001076	transcription factor activity, RNA polymerase II transcription factor binding	6	9096	ENSG00000112837	TBX18
GO:0008168	methyltransferase activity	6	9718	ENSG00000145194	ECE2
GO:0061630	ubiquitin protein ligase activity	6	6045	ENSG00000121481	RNF2
GO:0016741	transferase activity, transferring one-carbon groups	6	9718	ENSG00000145194	ECE2
GO:0061659	ubiquitin-like protein ligase activity	6	6045	ENSG00000121481	RNF2
GO:0001227	transcriptional repressor activity, RNA polymerase II transcription regulatory region sequence-specific DNA binding	6	57616	ENSG00000121297	TSHZ3
GO:0005088	Ras guanyl-nucleotide exchange factor activity	6	815	ENSG00000070808	CAMK2A
GO:0001664	G-protein coupled receptor binding	6	7473	ENSG00000108379	WNT3
GO:0005085	guanyl-nucleotide exchange factor activity	6	815	ENSG00000070808	CAMK2A
GO:0050839	cell adhesion molecule binding	6	6711	ENSG00000115306	SPTBN1
GO:0000980	RNA polymerase II distal enhancer sequence-specific DNA binding	5	6886	ENSG00000162367	TAL1
GO:0001104	RNA polymerase II transcription cofactor activity	5	5396	ENSG00000116132	PRRX1
GO:0042826	histone deacetylase binding	5	8850	ENSG00000114166	KAT2B
GO:0043021	ribonucleoprotein complex binding	5	79568	ENSG00000162972	MAIP1
GO:0016616	oxidoreductase activity, acting on the CH-OH group of donors, NAD or NADP as acceptor	5	2194	ENSG00000169710	FASN
GO:0140030	modification-dependent protein binding	5	84656	ENSG00000140632	GLYR1
GO:0016614	oxidoreductase activity, acting on CH-OH group of donors	5	2194	ENSG00000169710	FASN
GO:0004386	helicase activity	5	1108	ENSG00000111642	CHD4
GO:0016705	oxidoreductase activity, acting on paired donors, with incorporation or reduction of molecular oxygen	5	51004	ENSG00000119723	COQ6
GO:0017048	Rho GTPase binding	5	5586	ENSG00000065243	PKN2
GO:0016829	lyase activity	5	200558	ENSG00000169621	APLF
GO:0004518	nuclease activity	5	5428	ENSG00000140521	POLG
GO:1901681	sulfur compound binding	5	202915	ENSG00000164855	TMEM184A
GO:0015291	secondary active transmembrane transporter activity	5	291	ENSG00000151729	SLC25A4
GO:0033218	amide binding	5	2194	ENSG00000169710	FASN
GO:0045296	cadherin binding	5	10893	ENSG00000125966	MMP24
GO:0008509	anion transmembrane transporter activity	5	2559	ENSG00000145863	GABRA6
GO:0015631	tubulin binding	5	23710	ENSG00000139112	GABARAPL1
GO:0042578	phosphoric ester hydrolase activity	5	5158	ENSG00000133256	PDE6B
GO:0015077	monovalent inorganic cation transmembrane transporter activity	5	10021	ENSG00000138622	HCN4
GO:0003729	mRNA binding	5	10643	ENSG00000136231	IGF2BP3
GO:0005216	ion channel activity	5	2905	ENSG00000161509	GRIN2C
GO:0022838	substrate-specific channel activity	5	2905	ENSG00000161509	GRIN2C
GO:0046873	metal ion transmembrane transporter activity	5	125206	ENSG00000154025	SLC5A10
GO:0015267	channel activity	5	2905	ENSG00000161509	GRIN2C
GO:0022803	passive transmembrane transporter activity	5	2905	ENSG00000161509	GRIN2C
GO:0031593	polyubiquitin modification-dependent protein binding	4	84142	ENSG00000163322	ABRAXAS1
GO:0003730	mRNA 3'-UTR binding	4	678	ENSG00000152518	ZFP36L2
GO:0031491	nucleosome binding	4	254225	ENSG00000166439	RNF169
GO:0003705	transcription factor activity, RNA polymerase II distal enhancer sequence-specific binding	4	64321	ENSG00000164736	SOX17
GO:0004497	monooxygenase activity	4	51004	ENSG00000119723	COQ6
GO:0043492	ATPase activity, coupled to movement of substances	4	84239	ENSG00000127249	ATP13A4
GO:0004519	endonuclease activity	4	80149	ENSG00000163874	ZC3H12A
GO:0001078	transcriptional repressor activity, RNA polymerase II proximal promoter sequence-specific DNA binding	4	6926	ENSG00000135111	TBX3
GO:0008757	S-adenosylmethionine-dependent methyltransferase activity	4	110599564	ENSG00000145194	EEF1AKMT4
GO:0042393	histone binding	4	8658	ENSG00000173273	TNKS
GO:0000287	magnesium ion binding	4	374868	ENSG00000166377	ATP9B
GO:0140097	catalytic activity, acting on DNA	4	5428	ENSG00000140521	POLG
GO:0005539	glycosaminoglycan binding	4	202915	ENSG00000164855	TMEM184A
GO:0016747	transferase activity, transferring acyl groups other than amino-acyl groups	4	8850	ENSG00000114166	KAT2B
GO:0016746	transferase activity, transferring acyl groups	4	8850	ENSG00000114166	KAT2B
GO:0030246	carbohydrate binding	4	5967	ENSG00000115386	REG1A
GO:0042277	peptide binding	4	10333	ENSG00000174130	TLR6
GO:0016757	transferase activity, transferring glycosyl groups	4	7364	ENSG00000171234	UGT2B7
GO:0003779	actin binding	4	114793	ENSG00000157827	FMNL2
GO:0048018	receptor ligand activity	4	5967	ENSG00000115386	REG1A
GO:0008175	tRNA methyltransferase activity	3	55006	ENSG00000171103	TRMT61B
GO:0001105	RNA polymerase II transcription coactivator activity	3	5454	ENSG00000184486	POU3F2
GO:0016709	oxidoreductase activity, acting on paired donors, with incorporation or reduction of molecular oxygen, NAD(P)H as one donor, and incorporation of one atom of oxygen	3	1645	ENSG00000187134	AKR1C1
GO:0004601	peroxidase activity	3	3043	ENSG00000244734	HBB
GO:0016684	oxidoreductase activity, acting on peroxide as acceptor	3	3043	ENSG00000244734	HBB
GO:0043022	ribosome binding	3	80149	ENSG00000163874	ZC3H12A
GO:0051287	NAD binding	3	11162	ENSG00000170917	NUDT6
GO:0016627	oxidoreductase activity, acting on the CH-CH group of donors	3	1645	ENSG00000187134	AKR1C1
GO:0008173	RNA methyltransferase activity	3	55006	ENSG00000171103	TRMT61B
GO:0001190	transcriptional activator activity, RNA polymerase II transcription factor binding	3	5454	ENSG00000184486	POU3F2
GO:0016835	carbon-oxygen lyase activity	3	2194	ENSG00000169710	FASN
GO:0070063	RNA polymerase binding	3	27161	ENSG00000123908	AGO2
GO:0004527	exonuclease activity	3	200558	ENSG00000169621	APLF
GO:0016209	antioxidant activity	3	3043	ENSG00000244734	HBB
GO:0015297	antiporter activity	3	283652	ENSG00000188467	SLC24A5
GO:0008081	phosphoric diester hydrolase activity	3	2923	ENSG00000167004	PDIA3
GO:0008026	ATP-dependent helicase activity	3	79039	ENSG00000123064	DDX54
GO:0070035	purine NTP-dependent helicase activity	3	79039	ENSG00000123064	DDX54
GO:0015238	drug transmembrane transporter activity	3	291	ENSG00000151729	SLC25A4
GO:0016407	acetyltransferase activity	3	2194	ENSG00000169710	FASN
GO:0031490	chromatin DNA binding	3	3008	ENSG00000168298	HIST1H1E
GO:0004222	metalloendopeptidase activity	3	110599583	ENSG00000145194	EEF1AKMT4-ECE2
GO:0016651	oxidoreductase activity, acting on NAD(P)H	3	1645	ENSG00000187134	AKR1C1
GO:0140101	catalytic activity, acting on a tRNA	3	55006	ENSG00000171103	TRMT61B
GO:0005319	lipid transporter activity	3	374868	ENSG00000166377	ATP9B
GO:0001085	RNA polymerase II transcription factor binding	3	6886	ENSG00000162367	TAL1
GO:0015085	calcium ion transmembrane transporter activity	3	283652	ENSG00000188467	SLC24A5
GO:0015293	symporter activity	3	283652	ENSG00000188467	SLC24A5
GO:0001047	core promoter binding	3	6656	ENSG00000182968	SOX1
GO:0015276	ligand-gated ion channel activity	3	2905	ENSG00000161509	GRIN2C
GO:0022834	ligand-gated channel activity	3	2905	ENSG00000161509	GRIN2C
GO:0008194	UDP-glycosyltransferase activity	3	7364	ENSG00000171234	UGT2B7
GO:0016853	isomerase activity	3	4351	ENSG00000178802	MPI
GO:0008201	heparin binding	3	4018	ENSG00000198670	LPA
GO:0015081	sodium ion transmembrane transporter activity	3	283652	ENSG00000188467	SLC24A5
GO:0008083	growth factor activity	3	11162	ENSG00000170917	NUDT6
GO:0019902	phosphatase binding	3	29966	ENSG00000196792	STRN3
GO:0017137	Rab GTPase binding	3	636	ENSG00000151746	BICD1
GO:0008237	metallopeptidase activity	3	110599583	ENSG00000145194	EEF1AKMT4-ECE2
GO:0005516	calmodulin binding	3	29966	ENSG00000196792	STRN3
GO:0008234	cysteine-type peptidase activity	3	2923	ENSG00000167004	PDIA3
GO:0016758	transferase activity, transferring hexosyl groups	3	7364	ENSG00000171234	UGT2B7
GO:0008514	organic anion transmembrane transporter activity	3	291	ENSG00000151729	SLC25A4
GO:0004252	serine-type endopeptidase activity	3	4018	ENSG00000198670	LPA
GO:0008017	microtubule binding	3	1068	ENSG00000177143	CETN1
GO:0008236	serine-type peptidase activity	3	4018	ENSG00000198670	LPA
GO:0017171	serine hydrolase activity	3	4018	ENSG00000198670	LPA
GO:0031625	ubiquitin protein ligase binding	3	23710	ENSG00000139112	GABARAPL1
GO:0005261	cation channel activity	3	283652	ENSG00000188467	SLC24A5
GO:0044389	ubiquitin-like protein ligase binding	3	23710	ENSG00000139112	GABARAPL1
GO:0022839	ion gated channel activity	3	2905	ENSG00000161509	GRIN2C
GO:0022836	gated channel activity	3	2905	ENSG00000161509	GRIN2C
GO:0005543	phospholipid binding	3	8324	ENSG00000155760	FZD7
GO:0001228	transcriptional activator activity, RNA polymerase II transcription regulatory region sequence-specific DNA binding	18	3202	ENSG00000106004	HOXA5
GO:0000982	transcription factor activity, RNA polymerase II proximal promoter sequence-specific DNA binding	14	5396	ENSG00000116132	PRRX1
GO:0000978	RNA polymerase II proximal promoter sequence-specific DNA binding	14	1108	ENSG00000111642	CHD4
GO:0000987	proximal promoter sequence-specific DNA binding	14	1108	ENSG00000111642	CHD4
GO:0005525	GTP binding	12	347733	ENSG00000137285	TUBB2B
GO:0032550	purine ribonucleoside binding	12	347733	ENSG00000137285	TUBB2B
GO:0001883	purine nucleoside binding	12	347733	ENSG00000137285	TUBB2B
GO:0032549	ribonucleoside binding	12	347733	ENSG00000137285	TUBB2B
GO:0001882	nucleoside binding	12	347733	ENSG00000137285	TUBB2B
GO:0032561	guanyl ribonucleotide binding	12	347733	ENSG00000137285	TUBB2B
GO:0019001	guanyl nucleotide binding	12	347733	ENSG00000137285	TUBB2B
GO:0001077	transcriptional activator activity, RNA polymerase II proximal promoter sequence-specific DNA binding	10	6495	ENSG00000126778	SIX1
GO:0003924	GTPase activity	10	347733	ENSG00000137285	TUBB2B
GO:0003713	transcription coactivator activity	10	8850	ENSG00000114166	KAT2B
GO:0048037	cofactor binding	10	51004	ENSG00000119723	COQ6
GO:0042623	ATPase activity, coupled	9	79895	ENSG00000104043	ATP8B4
GO:0016887	ATPase activity	9	79895	ENSG00000104043	ATP8B4
GO:0046982	protein heterodimerization activity	9	3017	ENSG00000158373	HIST1H2BD
GO:0005200	structural constituent of cytoskeleton	8	7283	ENSG00000131462	TUBG1
GO:0140098	catalytic activity, acting on RNA	8	79039	ENSG00000123064	DDX54
GO:0003714	transcription corepressor activity	7	79039	ENSG00000123064	DDX54
GO:0050662	coenzyme binding	7	84656	ENSG00000140632	GLYR1
GO:0022804	active transmembrane transporter activity	7	84239	ENSG00000127249	ATP13A4
GO:0004842	ubiquitin-protein transferase activity	7	152006	ENSG00000137075	RNF38
GO:0019787	ubiquitin-like protein transferase activity	7	152006	ENSG00000137075	RNF38
GO:0004175	endopeptidase activity	7	9718	ENSG00000145194	ECE2
GO:0001158	enhancer sequence-specific DNA binding	6	1045	ENSG00000165556	CDX2
GO:0035326	enhancer binding	6	1045	ENSG00000165556	CDX2
GO:0001076	transcription factor activity, RNA polymerase II transcription factor binding	6	5396	ENSG00000116132	PRRX1
GO:0008168	methyltransferase activity	6	110599564	ENSG00000145194	EEF1AKMT4
GO:0061630	ubiquitin protein ligase activity	6	152006	ENSG00000137075	RNF38
GO:0016741	transferase activity, transferring one-carbon groups	6	110599564	ENSG00000145194	EEF1AKMT4
GO:0061659	ubiquitin-like protein ligase activity	6	152006	ENSG00000137075	RNF38
GO:0001227	transcriptional repressor activity, RNA polymerase II transcription regulatory region sequence-specific DNA binding	6	6926	ENSG00000135111	TBX3
GO:0005088	Ras guanyl-nucleotide exchange factor activity	6	6711	ENSG00000115306	SPTBN1
GO:0001664	G-protein coupled receptor binding	6	636	ENSG00000151746	BICD1
GO:0005085	guanyl-nucleotide exchange factor activity	6	6711	ENSG00000115306	SPTBN1
GO:0050839	cell adhesion molecule binding	6	10893	ENSG00000125966	MMP24
GO:0000980	RNA polymerase II distal enhancer sequence-specific DNA binding	5	1045	ENSG00000165556	CDX2
GO:0001104	RNA polymerase II transcription cofactor activity	5	6664	ENSG00000176887	SOX11
GO:0042826	histone deacetylase binding	5	6496	ENSG00000138083	SIX3
GO:0043021	ribonucleoprotein complex binding	5	80149	ENSG00000163874	ZC3H12A
GO:0016616	oxidoreductase activity, acting on the CH-OH group of donors, NAD or NADP as acceptor	5	92483	ENSG00000171989	LDHAL6B
GO:0140030	modification-dependent protein binding	5	84142	ENSG00000163322	ABRAXAS1
GO:0016614	oxidoreductase activity, acting on CH-OH group of donors	5	92483	ENSG00000171989	LDHAL6B
GO:0004386	helicase activity	5	79039	ENSG00000123064	DDX54
GO:0016705	oxidoreductase activity, acting on paired donors, with incorporation or reduction of molecular oxygen	5	1645	ENSG00000187134	AKR1C1
GO:0017048	Rho GTPase binding	5	114793	ENSG00000157827	FMNL2
GO:0016829	lyase activity	5	2194	ENSG00000169710	FASN
GO:0004518	nuclease activity	5	80149	ENSG00000163874	ZC3H12A
GO:1901681	sulfur compound binding	5	4018	ENSG00000198670	LPA
GO:0015291	secondary active transmembrane transporter activity	5	125206	ENSG00000154025	SLC5A10
GO:0033218	amide binding	5	10333	ENSG00000174130	TLR6
GO:0045296	cadherin binding	5	114793	ENSG00000157827	FMNL2
GO:0008509	anion transmembrane transporter activity	5	291	ENSG00000151729	SLC25A4
GO:0015631	tubulin binding	5	127829	ENSG00000143862	ARL8A
GO:0042578	phosphoric ester hydrolase activity	5	5140	ENSG00000152270	PDE3B
GO:0015077	monovalent inorganic cation transmembrane transporter activity	5	125206	ENSG00000154025	SLC5A10
GO:0003729	mRNA binding	5	678	ENSG00000152518	ZFP36L2
GO:0005216	ion channel activity	5	80131	ENSG00000171017	LRRC8E
GO:0022838	substrate-specific channel activity	5	80131	ENSG00000171017	LRRC8E
GO:0046873	metal ion transmembrane transporter activity	5	2905	ENSG00000161509	GRIN2C
GO:0015267	channel activity	5	80131	ENSG00000171017	LRRC8E
GO:0022803	passive transmembrane transporter activity	5	80131	ENSG00000171017	LRRC8E
GO:0031593	polyubiquitin modification-dependent protein binding	4	254225	ENSG00000166439	RNF169
GO:0003730	mRNA 3'-UTR binding	4	80149	ENSG00000163874	ZC3H12A
GO:0031491	nucleosome binding	4	26155	ENSG00000188976	NOC2L
GO:0003705	transcription factor activity, RNA polymerase II distal enhancer sequence-specific binding	4	10620	ENSG00000179361	ARID3B
GO:0004497	monooxygenase activity	4	1645	ENSG00000187134	AKR1C1
GO:0043492	ATPase activity, coupled to movement of substances	4	374868	ENSG00000166377	ATP9B
GO:0004519	endonuclease activity	4	200558	ENSG00000169621	APLF
GO:0001078	transcriptional repressor activity, RNA polymerase II proximal promoter sequence-specific DNA binding	4	4825	ENSG00000163623	NKX6-1
GO:0008757	S-adenosylmethionine-dependent methyltransferase activity	4	55006	ENSG00000171103	TRMT61B
GO:0042393	histone binding	4	26155	ENSG00000188976	NOC2L
GO:0000287	magnesium ion binding	4	3419	ENSG00000166411	IDH3A
GO:0140097	catalytic activity, acting on DNA	4	200558	ENSG00000169621	APLF
GO:0005539	glycosaminoglycan binding	4	4018	ENSG00000198670	LPA
GO:0016747	transferase activity, transferring acyl groups other than amino-acyl groups	4	2194	ENSG00000169710	FASN
GO:0016746	transferase activity, transferring acyl groups	4	2194	ENSG00000169710	FASN
GO:0030246	carbohydrate binding	4	55600	ENSG00000179914	ITLN1
GO:0042277	peptide binding	4	2946	ENSG00000213366	GSTM2
GO:0016757	transferase activity, transferring glycosyl groups	4	8658	ENSG00000173273	TNKS
GO:0003779	actin binding	4	5581	ENSG00000171132	PRKCE
GO:0048018	receptor ligand activity	4	11162	ENSG00000170917	NUDT6
GO:0001228	transcriptional activator activity, RNA polymerase II transcription regulatory region sequence-specific DNA binding	18	9355	ENSG00000106689	LHX2
GO:0000982	transcription factor activity, RNA polymerase II proximal promoter sequence-specific DNA binding	14	57616	ENSG00000121297	TSHZ3
GO:0000978	RNA polymerase II proximal promoter sequence-specific DNA binding	14	5396	ENSG00000116132	PRRX1
GO:0000987	proximal promoter sequence-specific DNA binding	14	5396	ENSG00000116132	PRRX1
GO:0005525	GTP binding	12	127829	ENSG00000143862	ARL8A
GO:0032550	purine ribonucleoside binding	12	127829	ENSG00000143862	ARL8A
GO:0001883	purine nucleoside binding	12	127829	ENSG00000143862	ARL8A
GO:0032549	ribonucleoside binding	12	127829	ENSG00000143862	ARL8A
GO:0001882	nucleoside binding	12	127829	ENSG00000143862	ARL8A
GO:0032561	guanyl ribonucleotide binding	12	127829	ENSG00000143862	ARL8A
GO:0019001	guanyl nucleotide binding	12	127829	ENSG00000143862	ARL8A
GO:0001077	transcriptional activator activity, RNA polymerase II proximal promoter sequence-specific DNA binding	10	343472	ENSG00000143032	BARHL2
GO:0003924	GTPase activity	10	127829	ENSG00000143862	ARL8A
GO:0003713	transcription coactivator activity	10	5396	ENSG00000116132	PRRX1
GO:0048037	cofactor binding	10	84656	ENSG00000140632	GLYR1
GO:0042623	ATPase activity, coupled	9	1108	ENSG00000111642	CHD4
GO:0016887	ATPase activity	9	1108	ENSG00000111642	CHD4
GO:0046982	protein heterodimerization activity	9	6886	ENSG00000162367	TAL1
GO:0005200	structural constituent of cytoskeleton	8	347733	ENSG00000137285	TUBB2B
GO:0140098	catalytic activity, acting on RNA	8	27161	ENSG00000123908	AGO2
GO:0003714	transcription corepressor activity	7	1045	ENSG00000165556	CDX2
GO:0050662	coenzyme binding	7	3419	ENSG00000166411	IDH3A
GO:0022804	active transmembrane transporter activity	7	291	ENSG00000151729	SLC25A4
GO:0004842	ubiquitin-protein transferase activity	7	57574	ENSG00000144583	MARCH4
GO:0019787	ubiquitin-like protein transferase activity	7	57574	ENSG00000144583	MARCH4
GO:0004175	endopeptidase activity	7	110599583	ENSG00000145194	EEF1AKMT4-ECE2
GO:0001158	enhancer sequence-specific DNA binding	6	6664	ENSG00000176887	SOX11
GO:0035326	enhancer binding	6	6664	ENSG00000176887	SOX11
GO:0001076	transcription factor activity, RNA polymerase II transcription factor binding	6	6664	ENSG00000176887	SOX11
GO:0008168	methyltransferase activity	6	110599583	ENSG00000145194	EEF1AKMT4-ECE2
GO:0061630	ubiquitin protein ligase activity	6	223082	ENSG00000180233	ZNRF2
GO:0016741	transferase activity, transferring one-carbon groups	6	110599583	ENSG00000145194	EEF1AKMT4-ECE2
GO:0061659	ubiquitin-like protein ligase activity	6	223082	ENSG00000180233	ZNRF2
GO:0001227	transcriptional repressor activity, RNA polymerase II transcription regulatory region sequence-specific DNA binding	6	4825	ENSG00000163623	NKX6-1
GO:0005088	Ras guanyl-nucleotide exchange factor activity	6	5156	ENSG00000134853	PDGFRA
GO:0001664	G-protein coupled receptor binding	6	8324	ENSG00000155760	FZD7
GO:0005085	guanyl-nucleotide exchange factor activity	6	5156	ENSG00000134853	PDGFRA
GO:0050839	cell adhesion molecule binding	6	114793	ENSG00000157827	FMNL2
GO:0000980	RNA polymerase II distal enhancer sequence-specific DNA binding	5	10620	ENSG00000179361	ARID3B
GO:0001104	RNA polymerase II transcription cofactor activity	5	5454	ENSG00000184486	POU3F2
GO:0042826	histone deacetylase binding	5	6886	ENSG00000162367	TAL1
GO:0043021	ribonucleoprotein complex binding	5	9147	ENSG00000165525	NEMF
GO:0016616	oxidoreductase activity, acting on the CH-OH group of donors, NAD or NADP as acceptor	5	1645	ENSG00000187134	AKR1C1
GO:0140030	modification-dependent protein binding	5	254225	ENSG00000166439	RNF169
GO:0016614	oxidoreductase activity, acting on CH-OH group of donors	5	1645	ENSG00000187134	AKR1C1
GO:0004386	helicase activity	5	55601	ENSG00000137628	DDX60
GO:0016705	oxidoreductase activity, acting on paired donors, with incorporation or reduction of molecular oxygen	5	444	ENSG00000198363	ASPH
GO:0017048	Rho GTPase binding	5	29966	ENSG00000196792	STRN3
GO:0016829	lyase activity	5	111	ENSG00000173175	ADCY5
GO:0004518	nuclease activity	5	200558	ENSG00000169621	APLF
GO:1901681	sulfur compound binding	5	2946	ENSG00000213366	GSTM2
GO:0015291	secondary active transmembrane transporter activity	5	283652	ENSG00000188467	SLC24A5
GO:0033218	amide binding	5	2946	ENSG00000213366	GSTM2
GO:0045296	cadherin binding	5	2194	ENSG00000169710	FASN
GO:0008509	anion transmembrane transporter activity	5	80131	ENSG00000171017	LRRC8E
GO:0015631	tubulin binding	5	1068	ENSG00000177143	CETN1
GO:0042578	phosphoric ester hydrolase activity	5	2923	ENSG00000167004	PDIA3
GO:0015077	monovalent inorganic cation transmembrane transporter activity	5	283652	ENSG00000188467	SLC24A5
GO:0003729	mRNA binding	5	80149	ENSG00000163874	ZC3H12A
GO:0005216	ion channel activity	5	283652	ENSG00000188467	SLC24A5
GO:0022838	substrate-specific channel activity	5	283652	ENSG00000188467	SLC24A5
GO:0046873	metal ion transmembrane transporter activity	5	283652	ENSG00000188467	SLC24A5
GO:0015267	channel activity	5	283652	ENSG00000188467	SLC24A5
GO:0022803	passive transmembrane transporter activity	5	283652	ENSG00000188467	SLC24A5
GO:0001228	transcriptional activator activity, RNA polymerase II transcription regulatory region sequence-specific DNA binding	18	6495	ENSG00000126778	SIX1
GO:0000982	transcription factor activity, RNA polymerase II proximal promoter sequence-specific DNA binding	14	6495	ENSG00000126778	SIX1
GO:0000978	RNA polymerase II proximal promoter sequence-specific DNA binding	14	3170	ENSG00000125798	FOXA2
GO:0000987	proximal promoter sequence-specific DNA binding	14	3170	ENSG00000125798	FOXA2
GO:0005525	GTP binding	12	2634	ENSG00000162645	GBP2
GO:0032550	purine ribonucleoside binding	12	2634	ENSG00000162645	GBP2
GO:0001883	purine nucleoside binding	12	2634	ENSG00000162645	GBP2
GO:0032549	ribonucleoside binding	12	2634	ENSG00000162645	GBP2
GO:0001882	nucleoside binding	12	2634	ENSG00000162645	GBP2
GO:0032561	guanyl ribonucleotide binding	12	2634	ENSG00000162645	GBP2
GO:0019001	guanyl nucleotide binding	12	2634	ENSG00000162645	GBP2
GO:0001077	transcriptional activator activity, RNA polymerase II proximal promoter sequence-specific DNA binding	10	7545	ENSG00000152977	ZIC1
GO:0003924	GTPase activity	10	2634	ENSG00000162645	GBP2
GO:0003713	transcription coactivator activity	10	6496	ENSG00000138083	SIX3
GO:0048037	cofactor binding	10	3419	ENSG00000166411	IDH3A
GO:0042623	ATPase activity, coupled	9	515	ENSG00000116459	ATP5PB
GO:0016887	ATPase activity	9	515	ENSG00000116459	ATP5PB
GO:0046982	protein heterodimerization activity	9	64321	ENSG00000164736	SOX17
GO:0005200	structural constituent of cytoskeleton	8	636	ENSG00000151746	BICD1
GO:0140098	catalytic activity, acting on RNA	8	57570	ENSG00000126814	TRMT5
GO:0003714	transcription corepressor activity	7	9318	ENSG00000166200	COPS2
GO:0050662	coenzyme binding	7	2194	ENSG00000169710	FASN
GO:0022804	active transmembrane transporter activity	7	125206	ENSG00000154025	SLC5A10
GO:0004842	ubiquitin-protein transferase activity	7	223082	ENSG00000180233	ZNRF2
GO:0019787	ubiquitin-like protein transferase activity	7	223082	ENSG00000180233	ZNRF2
GO:0004175	endopeptidase activity	7	2923	ENSG00000167004	PDIA3
GO:0001158	enhancer sequence-specific DNA binding	6	10620	ENSG00000179361	ARID3B
GO:0035326	enhancer binding	6	10620	ENSG00000179361	ARID3B
GO:0001076	transcription factor activity, RNA polymerase II transcription factor binding	6	5454	ENSG00000184486	POU3F2
GO:0008168	methyltransferase activity	6	55006	ENSG00000171103	TRMT61B
GO:0061630	ubiquitin protein ligase activity	6	57162	ENSG00000197329	PELI1
GO:0016741	transferase activity, transferring one-carbon groups	6	55006	ENSG00000171103	TRMT61B
GO:0061659	ubiquitin-like protein ligase activity	6	57162	ENSG00000197329	PELI1
GO:0001227	transcriptional repressor activity, RNA polymerase II transcription regulatory region sequence-specific DNA binding	6	1045	ENSG00000165556	CDX2
GO:0005088	Ras guanyl-nucleotide exchange factor activity	6	2905	ENSG00000161509	GRIN2C
GO:0001664	G-protein coupled receptor binding	6	132112	ENSG00000175077	RTP1
GO:0005085	guanyl-nucleotide exchange factor activity	6	2905	ENSG00000161509	GRIN2C
GO:0050839	cell adhesion molecule binding	6	2194	ENSG00000169710	FASN
GO:0001228	transcriptional activator activity, RNA polymerase II transcription regulatory region sequence-specific DNA binding	18	56033	ENSG00000131668	BARX1
GO:0000982	transcription factor activity, RNA polymerase II proximal promoter sequence-specific DNA binding	14	6926	ENSG00000135111	TBX3
GO:0000978	RNA polymerase II proximal promoter sequence-specific DNA binding	14	6495	ENSG00000126778	SIX1
GO:0000987	proximal promoter sequence-specific DNA binding	14	6495	ENSG00000126778	SIX1
GO:0005525	GTP binding	12	115361	ENSG00000162654	GBP4
GO:0032550	purine ribonucleoside binding	12	115361	ENSG00000162654	GBP4
GO:0001883	purine nucleoside binding	12	115361	ENSG00000162654	GBP4
GO:0032549	ribonucleoside binding	12	115361	ENSG00000162654	GBP4
GO:0001882	nucleoside binding	12	115361	ENSG00000162654	GBP4
GO:0032561	guanyl ribonucleotide binding	12	115361	ENSG00000162654	GBP4
GO:0019001	guanyl nucleotide binding	12	115361	ENSG00000162654	GBP4
GO:0001077	transcriptional activator activity, RNA polymerase II proximal promoter sequence-specific DNA binding	10	6664	ENSG00000176887	SOX11
GO:0003924	GTPase activity	10	115361	ENSG00000162654	GBP4
GO:0003713	transcription coactivator activity	10	64321	ENSG00000164736	SOX17
GO:0048037	cofactor binding	10	2194	ENSG00000169710	FASN
GO:0042623	ATPase activity, coupled	9	79039	ENSG00000123064	DDX54
GO:0016887	ATPase activity	9	79039	ENSG00000123064	DDX54
GO:0046982	protein heterodimerization activity	9	111	ENSG00000173175	ADCY5
GO:0005200	structural constituent of cytoskeleton	8	7846	ENSG00000167552	TUBA1A
GO:0140098	catalytic activity, acting on RNA	8	80149	ENSG00000163874	ZC3H12A
GO:0003714	transcription corepressor activity	7	26155	ENSG00000188976	NOC2L
GO:0050662	coenzyme binding	7	11162	ENSG00000170917	NUDT6
GO:0022804	active transmembrane transporter activity	7	283652	ENSG00000188467	SLC24A5
GO:0004842	ubiquitin-protein transferase activity	7	57162	ENSG00000197329	PELI1
GO:0019787	ubiquitin-like protein transferase activity	7	57162	ENSG00000197329	PELI1
GO:0004175	endopeptidase activity	7	4018	ENSG00000198670	LPA
GO:0001228	transcriptional activator activity, RNA polymerase II transcription regulatory region sequence-specific DNA binding	18	6496	ENSG00000138083	SIX3
GO:0000982	transcription factor activity, RNA polymerase II proximal promoter sequence-specific DNA binding	14	343472	ENSG00000143032	BARHL2
GO:0000978	RNA polymerase II proximal promoter sequence-specific DNA binding	14	6926	ENSG00000135111	TBX3
GO:0000987	proximal promoter sequence-specific DNA binding	14	6926	ENSG00000135111	TBX3
GO:0005525	GTP binding	12	54769	ENSG00000165023	DIRAS2
GO:0032550	purine ribonucleoside binding	12	54769	ENSG00000165023	DIRAS2
GO:0001883	purine nucleoside binding	12	54769	ENSG00000165023	DIRAS2
GO:0032549	ribonucleoside binding	12	54769	ENSG00000165023	DIRAS2
GO:0001882	nucleoside binding	12	54769	ENSG00000165023	DIRAS2
GO:0032561	guanyl ribonucleotide binding	12	54769	ENSG00000165023	DIRAS2
GO:0019001	guanyl nucleotide binding	12	54769	ENSG00000165023	DIRAS2
GO:0001077	transcriptional activator activity, RNA polymerase II proximal promoter sequence-specific DNA binding	10	10620	ENSG00000179361	ARID3B
GO:0003924	GTPase activity	10	54769	ENSG00000165023	DIRAS2
GO:0003713	transcription coactivator activity	10	6664	ENSG00000176887	SOX11
GO:0048037	cofactor binding	10	11162	ENSG00000170917	NUDT6
GO:0042623	ATPase activity, coupled	9	84239	ENSG00000127249	ATP13A4
GO:0016887	ATPase activity	9	84239	ENSG00000127249	ATP13A4
GO:0046982	protein heterodimerization activity	9	10333	ENSG00000174130	TLR6
GO:0005200	structural constituent of cytoskeleton	8	3861	ENSG00000186847	KRT14
GO:0140098	catalytic activity, acting on RNA	8	55006	ENSG00000171103	TRMT61B
GO:0001228	transcriptional activator activity, RNA polymerase II transcription regulatory region sequence-specific DNA binding	18	343472	ENSG00000143032	BARHL2
GO:0000982	transcription factor activity, RNA polymerase II proximal promoter sequence-specific DNA binding	14	7545	ENSG00000152977	ZIC1
GO:0000978	RNA polymerase II proximal promoter sequence-specific DNA binding	14	7545	ENSG00000152977	ZIC1
GO:0000987	proximal promoter sequence-specific DNA binding	14	7545	ENSG00000152977	ZIC1
GO:0005525	GTP binding	12	7846	ENSG00000167552	TUBA1A
GO:0032550	purine ribonucleoside binding	12	7846	ENSG00000167552	TUBA1A
GO:0001883	purine nucleoside binding	12	7846	ENSG00000167552	TUBA1A
GO:0032549	ribonucleoside binding	12	7846	ENSG00000167552	TUBA1A
GO:0001882	nucleoside binding	12	7846	ENSG00000167552	TUBA1A
GO:0032561	guanyl ribonucleotide binding	12	7846	ENSG00000167552	TUBA1A
GO:0019001	guanyl nucleotide binding	12	7846	ENSG00000167552	TUBA1A
GO:0001077	transcriptional activator activity, RNA polymerase II proximal promoter sequence-specific DNA binding	10	6656	ENSG00000182968	SOX1
GO:0003924	GTPase activity	10	7846	ENSG00000167552	TUBA1A
GO:0003713	transcription coactivator activity	10	5454	ENSG00000184486	POU3F2
GO:0048037	cofactor binding	10	2946	ENSG00000213366	GSTM2
GO:0042623	ATPase activity, coupled	9	374868	ENSG00000166377	ATP9B
GO:0016887	ATPase activity	9	374868	ENSG00000166377	ATP9B
GO:0046982	protein heterodimerization activity	9	3078	ENSG00000244414	CFHR1
GO:0001228	transcriptional activator activity, RNA polymerase II transcription regulatory region sequence-specific DNA binding	18	7545	ENSG00000152977	ZIC1
GO:0000982	transcription factor activity, RNA polymerase II proximal promoter sequence-specific DNA binding	14	4825	ENSG00000163623	NKX6-1
GO:0000978	RNA polymerase II proximal promoter sequence-specific DNA binding	14	6886	ENSG00000162367	TAL1
GO:0000987	proximal promoter sequence-specific DNA binding	14	6886	ENSG00000162367	TAL1
GO:0005525	GTP binding	12	55720	ENSG00000167721	TSR1
GO:0032550	purine ribonucleoside binding	12	55720	ENSG00000167721	TSR1
GO:0001883	purine nucleoside binding	12	55720	ENSG00000167721	TSR1
GO:0032549	ribonucleoside binding	12	55720	ENSG00000167721	TSR1
GO:0001882	nucleoside binding	12	55720	ENSG00000167721	TSR1
GO:0032561	guanyl ribonucleotide binding	12	55720	ENSG00000167721	TSR1
GO:0019001	guanyl nucleotide binding	12	55720	ENSG00000167721	TSR1
GO:0001077	transcriptional activator activity, RNA polymerase II proximal promoter sequence-specific DNA binding	10	5454	ENSG00000184486	POU3F2
GO:0003924	GTPase activity	10	55720	ENSG00000167721	TSR1
GO:0003713	transcription coactivator activity	10	283149	ENSG00000186174	BCL9L
GO:0048037	cofactor binding	10	3043	ENSG00000244734	HBB
GO:0001228	transcriptional activator activity, RNA polymerase II transcription regulatory region sequence-specific DNA binding	18	64321	ENSG00000164736	SOX17
GO:0000982	transcription factor activity, RNA polymerase II proximal promoter sequence-specific DNA binding	14	6664	ENSG00000176887	SOX11
GO:0000978	RNA polymerase II proximal promoter sequence-specific DNA binding	14	4825	ENSG00000163623	NKX6-1
GO:0000987	proximal promoter sequence-specific DNA binding	14	4825	ENSG00000163623	NKX6-1
GO:0005525	GTP binding	12	3008	ENSG00000168298	HIST1H1E
GO:0032550	purine ribonucleoside binding	12	3008	ENSG00000168298	HIST1H1E
GO:0001883	purine nucleoside binding	12	3008	ENSG00000168298	HIST1H1E
GO:0032549	ribonucleoside binding	12	3008	ENSG00000168298	HIST1H1E
GO:0001882	nucleoside binding	12	3008	ENSG00000168298	HIST1H1E
GO:0032561	guanyl ribonucleotide binding	12	3008	ENSG00000168298	HIST1H1E
GO:0019001	guanyl nucleotide binding	12	3008	ENSG00000168298	HIST1H1E
GO:0001228	transcriptional activator activity, RNA polymerase II transcription regulatory region sequence-specific DNA binding	18	4807	ENSG00000171786	NHLH1
GO:0000982	transcription factor activity, RNA polymerase II proximal promoter sequence-specific DNA binding	14	10620	ENSG00000179361	ARID3B
GO:0000978	RNA polymerase II proximal promoter sequence-specific DNA binding	14	10620	ENSG00000179361	ARID3B
GO:0000987	proximal promoter sequence-specific DNA binding	14	10620	ENSG00000179361	ARID3B
GO:0005525	GTP binding	12	4881	ENSG00000169418	NPR1
GO:0032550	purine ribonucleoside binding	12	4881	ENSG00000169418	NPR1
GO:0001883	purine nucleoside binding	12	4881	ENSG00000169418	NPR1
GO:0032549	ribonucleoside binding	12	4881	ENSG00000169418	NPR1
GO:0001882	nucleoside binding	12	4881	ENSG00000169418	NPR1
GO:0032561	guanyl ribonucleotide binding	12	4881	ENSG00000169418	NPR1
GO:0019001	guanyl nucleotide binding	12	4881	ENSG00000169418	NPR1
GO:0001228	transcriptional activator activity, RNA polymerase II transcription regulatory region sequence-specific DNA binding	18	6664	ENSG00000176887	SOX11
GO:0000982	transcription factor activity, RNA polymerase II proximal promoter sequence-specific DNA binding	14	6656	ENSG00000182968	SOX1
GO:0000978	RNA polymerase II proximal promoter sequence-specific DNA binding	14	6656	ENSG00000182968	SOX1
GO:0000987	proximal promoter sequence-specific DNA binding	14	6656	ENSG00000182968	SOX1
GO:0001228	transcriptional activator activity, RNA polymerase II transcription regulatory region sequence-specific DNA binding	18	10620	ENSG00000179361	ARID3B
GO:0000982	transcription factor activity, RNA polymerase II proximal promoter sequence-specific DNA binding	14	5454	ENSG00000184486	POU3F2
GO:0000978	RNA polymerase II proximal promoter sequence-specific DNA binding	14	5454	ENSG00000184486	POU3F2
GO:0000987	proximal promoter sequence-specific DNA binding	14	5454	ENSG00000184486	POU3F2
GO:0001228	transcriptional activator activity, RNA polymerase II transcription regulatory region sequence-specific DNA binding	18	3226	ENSG00000180818	HOXC10
GO:0001228	transcriptional activator activity, RNA polymerase II transcription regulatory region sequence-specific DNA binding	18	6656	ENSG00000182968	SOX1
GO:0001228	transcriptional activator activity, RNA polymerase II transcription regulatory region sequence-specific DNA binding	18	5454	ENSG00000184486	POU3F2
GO:0001228	transcriptional activator activity, RNA polymerase II transcription regulatory region sequence-specific DNA binding	18	2306	ENSG00000186564	FOXD2
